hand_id,player,stack,profit
1,GPTBot,3310,310
1,GeminiBot,2990,-10
1,ClaudeBot,2700,-300
2,GPTBot,2940,-60
2,GeminiBot,1500,-1500
2,ClaudeBot,4560,1560
3,GPTBot,3400,400
3,GeminiBot,2800,-200
3,ClaudeBot,2800,-200
4,GPTBot,3150,150
4,GeminiBot,2990,-10
4,ClaudeBot,2860,-140
5,GPTBot,3030,30
5,GeminiBot,2990,-10
5,ClaudeBot,2980,-20
6,GPTBot,3170,170
6,GeminiBot,2850,-150
6,ClaudeBot,2980,-20
7,GPTBot,3220,220
7,GeminiBot,2800,-200
7,ClaudeBot,2980,-20
8,GPTBot,3760,760
8,GeminiBot,2800,-200
8,ClaudeBot,2440,-560
9,GPTBot,3300,300
9,GeminiBot,2850,-150
9,ClaudeBot,2850,-150
10,GPTBot,3070,70
10,GeminiBot,2990,-10
10,ClaudeBot,2940,-60
11,GPTBot,2940,-60
11,GeminiBot,6060,3060
11,ClaudeBot,0,-3000
12,GPTBot,0,-3000
12,GeminiBot,2990,-10
12,ClaudeBot,6010,3010
13,GPTBot,3030,30
13,GeminiBot,2990,-10
13,ClaudeBot,2980,-20
14,GPTBot,3790,790
14,GeminiBot,2990,-10
14,ClaudeBot,2220,-780
15,GPTBot,3150,150
15,GeminiBot,2990,-10
15,ClaudeBot,2860,-140
16,GPTBot,3220,220
16,GeminiBot,2800,-200
16,ClaudeBot,2980,-20
17,GPTBot,4220,1220
17,GeminiBot,1800,-1200
17,ClaudeBot,2980,-20
18,GPTBot,3400,400
18,GeminiBot,2800,-200
18,ClaudeBot,2800,-200
19,GPTBot,3220,220
19,GeminiBot,2800,-200
19,ClaudeBot,2980,-20
20,GPTBot,3520,520
20,GeminiBot,2740,-260
20,ClaudeBot,2740,-260
21,GPTBot,3030,30
21,GeminiBot,2990,-10
21,ClaudeBot,2980,-20
22,GPTBot,3135,135
22,GeminiBot,2990,-10
22,ClaudeBot,2875,-125
23,GPTBot,3060,60
23,GeminiBot,2990,-10
23,ClaudeBot,2950,-50
24,GPTBot,3070,70
24,GeminiBot,2990,-10
24,ClaudeBot,2940,-60
25,GPTBot,3400,400
25,GeminiBot,2800,-200
25,ClaudeBot,2800,-200
26,GPTBot,3030,30
26,GeminiBot,2990,-10
26,ClaudeBot,2980,-20
27,GPTBot,3400,400
27,GeminiBot,2800,-200
27,ClaudeBot,2800,-200
28,GPTBot,3030,30
28,GeminiBot,2990,-10
28,ClaudeBot,2980,-20
29,GPTBot,3600,600
29,GeminiBot,2700,-300
29,ClaudeBot,2700,-300
30,GPTBot,3910,910
30,GeminiBot,2990,-10
30,ClaudeBot,2100,-900
31,GPTBot,3170,170
31,GeminiBot,2990,-10
31,ClaudeBot,2840,-160
32,GPTBot,3210,210
32,GeminiBot,2990,-10
32,ClaudeBot,2800,-200
33,GPTBot,3220,220
33,GeminiBot,2800,-200
33,ClaudeBot,2980,-20
34,GPTBot,0,-3000
34,GeminiBot,2880,-120
34,ClaudeBot,6120,3120
35,GPTBot,3450,450
35,GeminiBot,2990,-10
35,ClaudeBot,2560,-440
36,GPTBot,3850,850
36,GeminiBot,2800,-200
36,ClaudeBot,2350,-650
37,GPTBot,3720,720
37,GeminiBot,2820,-180
37,ClaudeBot,2460,-540
38,GPTBot,2700,-300
38,GeminiBot,2990,-10
38,ClaudeBot,3310,310
39,GPTBot,3220,220
39,GeminiBot,2800,-200
39,ClaudeBot,2980,-20
40,GPTBot,3220,220
40,GeminiBot,2800,-200
40,ClaudeBot,2980,-20
41,GPTBot,3220,220
41,GeminiBot,2800,-200
41,ClaudeBot,2980,-20
42,GPTBot,3210,210
42,GeminiBot,2990,-10
42,ClaudeBot,2800,-200
43,GPTBot,3070,70
43,GeminiBot,2990,-10
43,ClaudeBot,2940,-60
44,GPTBot,3030,30
44,GeminiBot,2990,-10
44,ClaudeBot,2980,-20
45,GPTBot,3400,400
45,GeminiBot,2800,-200
45,ClaudeBot,2800,-200
46,GPTBot,3030,30
46,GeminiBot,2990,-10
46,ClaudeBot,2980,-20
47,GPTBot,3610,610
47,GeminiBot,2990,-10
47,ClaudeBot,2400,-600
48,GPTBot,3030,30
48,GeminiBot,2990,-10
48,ClaudeBot,2980,-20
49,GPTBot,3910,910
49,GeminiBot,2990,-10
49,ClaudeBot,2100,-900
50,GPTBot,3210,210
50,GeminiBot,2990,-10
50,ClaudeBot,2800,-200
51,GPTBot,3400,400
51,GeminiBot,2990,-10
51,ClaudeBot,2610,-390
52,GPTBot,3910,910
52,GeminiBot,2990,-10
52,ClaudeBot,2100,-900
53,GPTBot,3310,310
53,GeminiBot,2990,-10
53,ClaudeBot,2700,-300
54,GPTBot,3220,220
54,GeminiBot,2800,-200
54,ClaudeBot,2980,-20
55,GPTBot,1000,-2000
55,GeminiBot,2800,-200
55,ClaudeBot,5200,2200
56,GPTBot,2940,-60
56,GeminiBot,1500,-1500
56,ClaudeBot,4560,1560
57,GPTBot,3200,200
57,GeminiBot,2820,-180
57,ClaudeBot,2980,-20
58,GPTBot,2940,-60
58,GeminiBot,0,-3000
58,ClaudeBot,6060,3060
59,GPTBot,3070,70
59,GeminiBot,2990,-10
59,ClaudeBot,2940,-60
60,GPTBot,3610,610
60,GeminiBot,2990,-10
60,ClaudeBot,2400,-600
61,GPTBot,3220,220
61,GeminiBot,2800,-200
61,ClaudeBot,2980,-20
62,GPTBot,3400,400
62,GeminiBot,2800,-200
62,ClaudeBot,2800,-200
63,GPTBot,2940,-60
63,GeminiBot,3080,80
63,ClaudeBot,2980,-20
64,GPTBot,3300,300
64,GeminiBot,2760,-240
64,ClaudeBot,2940,-60
65,GPTBot,3220,220
65,GeminiBot,2800,-200
65,ClaudeBot,2980,-20
66,GPTBot,3030,30
66,GeminiBot,2990,-10
66,ClaudeBot,2980,-20
67,GPTBot,3220,220
67,GeminiBot,2800,-200
67,ClaudeBot,2980,-20
68,GPTBot,3220,220
68,GeminiBot,2800,-200
68,ClaudeBot,2980,-20
69,GPTBot,3920,920
69,GeminiBot,2740,-260
69,ClaudeBot,2340,-660
70,GPTBot,3030,30
70,GeminiBot,2990,-10
70,ClaudeBot,2980,-20
71,GPTBot,2940,-60
71,GeminiBot,1500,-1500
71,ClaudeBot,4560,1560
72,GPTBot,0,-3000
72,GeminiBot,2990,-10
72,ClaudeBot,6010,3010
73,GPTBot,3030,30
73,GeminiBot,2990,-10
73,ClaudeBot,2980,-20
74,GPTBot,3610,610
74,GeminiBot,2990,-10
74,ClaudeBot,2400,-600
75,GPTBot,3400,400
75,GeminiBot,2800,-200
75,ClaudeBot,2800,-200
76,GPTBot,3220,220
76,GeminiBot,2800,-200
76,ClaudeBot,2980,-20
77,GPTBot,3190,190
77,GeminiBot,2990,-10
77,ClaudeBot,2820,-180
78,GPTBot,3480,480
78,GeminiBot,2760,-240
78,ClaudeBot,2760,-240
79,GPTBot,3610,610
79,GeminiBot,2990,-10
79,ClaudeBot,2400,-600
80,GPTBot,3310,310
80,GeminiBot,2990,-10
80,ClaudeBot,2700,-300
81,GPTBot,3150,150
81,GeminiBot,2990,-10
81,ClaudeBot,2860,-140
82,GPTBot,3530,530
82,GeminiBot,2990,-10
82,ClaudeBot,2480,-520
83,GPTBot,3030,30
83,GeminiBot,2990,-10
83,ClaudeBot,2980,-20
84,GPTBot,3030,30
84,GeminiBot,2990,-10
84,ClaudeBot,2980,-20
85,GPTBot,3030,30
85,GeminiBot,2990,-10
85,ClaudeBot,2980,-20
86,GPTBot,3070,70
86,GeminiBot,2990,-10
86,ClaudeBot,2940,-60
87,GPTBot,3030,30
87,GeminiBot,2990,-10
87,ClaudeBot,2980,-20
88,GPTBot,6010,3010
88,GeminiBot,2990,-10
88,ClaudeBot,0,-3000
89,GPTBot,3150,150
89,GeminiBot,2990,-10
89,ClaudeBot,2860,-140
90,GPTBot,3130,130
90,GeminiBot,2990,-10
90,ClaudeBot,2880,-120
91,GPTBot,3030,30
91,GeminiBot,2990,-10
91,ClaudeBot,2980,-20
92,GPTBot,3910,910
92,GeminiBot,2990,-10
92,ClaudeBot,2100,-900
93,GPTBot,3030,30
93,GeminiBot,2990,-10
93,ClaudeBot,2980,-20
94,GPTBot,3300,300
94,GeminiBot,2940,-60
94,ClaudeBot,2760,-240
95,GPTBot,4220,1220
95,GeminiBot,1800,-1200
95,ClaudeBot,2980,-20
96,GPTBot,3220,220
96,GeminiBot,2800,-200
96,ClaudeBot,2980,-20
97,GPTBot,2940,-60
97,GeminiBot,3080,80
97,ClaudeBot,2980,-20
98,GPTBot,3310,310
98,GeminiBot,2990,-10
98,ClaudeBot,2700,-300
99,GPTBot,3220,220
99,GeminiBot,2800,-200
99,ClaudeBot,2980,-20
100,GPTBot,3480,480
100,GeminiBot,2760,-240
100,ClaudeBot,2760,-240
101,GPTBot,3170,170
101,GeminiBot,2990,-10
101,ClaudeBot,2840,-160
102,GPTBot,6010,3010
102,GeminiBot,2990,-10
102,ClaudeBot,0,-3000
103,GPTBot,3030,30
103,GeminiBot,2990,-10
103,ClaudeBot,2980,-20
104,GPTBot,3220,220
104,GeminiBot,2800,-200
104,ClaudeBot,2980,-20
105,GPTBot,3030,30
105,GeminiBot,2990,-10
105,ClaudeBot,2980,-20
106,GPTBot,3220,220
106,GeminiBot,2800,-200
106,ClaudeBot,2980,-20
107,GPTBot,3005,5
107,GeminiBot,2990,-10
107,ClaudeBot,3005,5
108,GPTBot,3660,660
108,GeminiBot,2990,-10
108,ClaudeBot,2350,-650
109,GPTBot,3170,170
109,GeminiBot,2990,-10
109,ClaudeBot,2840,-160
110,GPTBot,3220,220
110,GeminiBot,2800,-200
110,ClaudeBot,2980,-20
111,GPTBot,3030,30
111,GeminiBot,2990,-10
111,ClaudeBot,2980,-20
112,GPTBot,3400,400
112,GeminiBot,2800,-200
112,ClaudeBot,2800,-200
113,GPTBot,3030,30
113,GeminiBot,2990,-10
113,ClaudeBot,2980,-20
114,GPTBot,3570,570
114,GeminiBot,2990,-10
114,ClaudeBot,2440,-560
115,GPTBot,3030,30
115,GeminiBot,2990,-10
115,ClaudeBot,2980,-20
116,GPTBot,3120,120
116,GeminiBot,2990,-10
116,ClaudeBot,2890,-110
117,GPTBot,3170,170
117,GeminiBot,2990,-10
117,ClaudeBot,2840,-160
118,GPTBot,3910,910
118,GeminiBot,2990,-10
118,ClaudeBot,2100,-900
119,GPTBot,3030,30
119,GeminiBot,2990,-10
119,ClaudeBot,2980,-20
120,GPTBot,3220,220
120,GeminiBot,2800,-200
120,ClaudeBot,2980,-20
121,GPTBot,2700,-300
121,GeminiBot,2990,-10
121,ClaudeBot,3310,310
122,GPTBot,3480,480
122,GeminiBot,2990,-10
122,ClaudeBot,2530,-470
123,GPTBot,0,-3000
123,GeminiBot,2990,-10
123,ClaudeBot,6010,3010
124,GPTBot,3030,30
124,GeminiBot,2990,-10
124,ClaudeBot,2980,-20
125,GPTBot,3220,220
125,GeminiBot,2800,-200
125,ClaudeBot,2980,-20
126,GPTBot,3220,220
126,GeminiBot,2800,-200
126,ClaudeBot,2980,-20
127,GPTBot,0,-3000
127,GeminiBot,2990,-10
127,ClaudeBot,6010,3010
128,GPTBot,3910,910
128,GeminiBot,2990,-10
128,ClaudeBot,2100,-900
129,GPTBot,3030,30
129,GeminiBot,2990,-10
129,ClaudeBot,2980,-20
130,GPTBot,3030,30
130,GeminiBot,2990,-10
130,ClaudeBot,2980,-20
131,GPTBot,3030,30
131,GeminiBot,2990,-10
131,ClaudeBot,2980,-20
132,GPTBot,3230,230
132,GeminiBot,2990,-10
132,ClaudeBot,2780,-220
133,GPTBot,3210,210
133,GeminiBot,2990,-10
133,ClaudeBot,2800,-200
134,GPTBot,3610,610
134,GeminiBot,2990,-10
134,ClaudeBot,2400,-600
135,GPTBot,3210,210
135,GeminiBot,2990,-10
135,ClaudeBot,2800,-200
136,GPTBot,3270,270
136,GeminiBot,2750,-250
136,ClaudeBot,2980,-20
137,GPTBot,3070,70
137,GeminiBot,2990,-10
137,ClaudeBot,2940,-60
138,GPTBot,2940,-60
138,GeminiBot,1500,-1500
138,ClaudeBot,4560,1560
139,GPTBot,3220,220
139,GeminiBot,2800,-200
139,ClaudeBot,2980,-20
140,GPTBot,3210,210
140,GeminiBot,2990,-10
140,ClaudeBot,2800,-200
141,GPTBot,3170,170
141,GeminiBot,2850,-150
141,ClaudeBot,2980,-20
142,GPTBot,3250,250
142,GeminiBot,2990,-10
142,ClaudeBot,2760,-240
143,GPTBot,3030,30
143,GeminiBot,2990,-10
143,ClaudeBot,2980,-20
144,GPTBot,3170,170
144,GeminiBot,2850,-150
144,ClaudeBot,2980,-20
145,GPTBot,3030,30
145,GeminiBot,2990,-10
145,ClaudeBot,2980,-20
146,GPTBot,3150,150
146,GeminiBot,2990,-10
146,ClaudeBot,2860,-140
147,GPTBot,3220,220
147,GeminiBot,2800,-200
147,ClaudeBot,2980,-20
148,GPTBot,3710,710
148,GeminiBot,2990,-10
148,ClaudeBot,2300,-700
149,GPTBot,3170,170
149,GeminiBot,2990,-10
149,ClaudeBot,2840,-160
150,GPTBot,3610,610
150,GeminiBot,2990,-10
150,ClaudeBot,2400,-600
151,GPTBot,3220,220
151,GeminiBot,2800,-200
151,ClaudeBot,2980,-20
152,GPTBot,2940,-60
152,GeminiBot,3660,660
152,ClaudeBot,2400,-600
153,GPTBot,3150,150
153,GeminiBot,2990,-10
153,ClaudeBot,2860,-140
154,GPTBot,3910,910
154,GeminiBot,2990,-10
154,ClaudeBot,2100,-900
155,GPTBot,3070,70
155,GeminiBot,2990,-10
155,ClaudeBot,2940,-60
156,GPTBot,3170,170
156,GeminiBot,2850,-150
156,ClaudeBot,2980,-20
157,GPTBot,3400,400
157,GeminiBot,2990,-10
157,ClaudeBot,2610,-390
158,GPTBot,2810,-190
158,GeminiBot,2990,-10
158,ClaudeBot,3200,200
159,GPTBot,3910,910
159,GeminiBot,2990,-10
159,ClaudeBot,2100,-900
160,GPTBot,3220,220
160,GeminiBot,2800,-200
160,ClaudeBot,2980,-20
161,GPTBot,6060,3060
161,GeminiBot,2940,-60
161,ClaudeBot,0,-3000
162,GPTBot,3030,30
162,GeminiBot,2990,-10
162,ClaudeBot,2980,-20
163,GPTBot,3060,60
163,GeminiBot,2990,-10
163,ClaudeBot,2950,-50
164,GPTBot,3280,280
164,GeminiBot,2740,-260
164,ClaudeBot,2980,-20
165,GPTBot,3220,220
165,GeminiBot,2800,-200
165,ClaudeBot,2980,-20
166,GPTBot,3220,220
166,GeminiBot,2800,-200
166,ClaudeBot,2980,-20
167,GPTBot,3150,150
167,GeminiBot,2990,-10
167,ClaudeBot,2860,-140
168,GPTBot,3400,400
168,GeminiBot,2990,-10
168,ClaudeBot,2610,-390
169,GPTBot,2950,-50
169,GeminiBot,3650,650
169,ClaudeBot,2400,-600
170,GPTBot,3200,200
170,GeminiBot,2820,-180
170,ClaudeBot,2980,-20
171,GPTBot,3220,220
171,GeminiBot,2800,-200
171,ClaudeBot,2980,-20
172,GPTBot,3160,160
172,GeminiBot,2990,-10
172,ClaudeBot,2850,-150
173,GPTBot,3130,130
173,GeminiBot,2990,-10
173,ClaudeBot,2880,-120
174,GPTBot,3400,400
174,GeminiBot,2800,-200
174,ClaudeBot,2800,-200
175,GPTBot,3550,550
175,GeminiBot,2990,-10
175,ClaudeBot,2460,-540
176,GPTBot,2940,-60
176,GeminiBot,1500,-1500
176,ClaudeBot,4560,1560
177,GPTBot,3150,150
177,GeminiBot,2990,-10
177,ClaudeBot,2860,-140
178,GPTBot,3400,400
178,GeminiBot,2800,-200
178,ClaudeBot,2800,-200
179,GPTBot,3570,570
179,GeminiBot,2990,-10
179,ClaudeBot,2440,-560
180,GPTBot,0,-3000
180,GeminiBot,2990,-10
180,ClaudeBot,6010,3010
181,GPTBot,3150,150
181,GeminiBot,2990,-10
181,ClaudeBot,2860,-140
182,GPTBot,2620,-380
182,GeminiBot,3600,600
182,ClaudeBot,2780,-220
183,GPTBot,3060,60
183,GeminiBot,2990,-10
183,ClaudeBot,2950,-50
184,GPTBot,3030,30
184,GeminiBot,2990,-10
184,ClaudeBot,2980,-20
185,GPTBot,3220,220
185,GeminiBot,2800,-200
185,ClaudeBot,2980,-20
186,GPTBot,3400,400
186,GeminiBot,2800,-200
186,ClaudeBot,2800,-200
187,GPTBot,3490,490
187,GeminiBot,2990,-10
187,ClaudeBot,2520,-480
188,GPTBot,3030,30
188,GeminiBot,2990,-10
188,ClaudeBot,2980,-20
189,GPTBot,3310,310
189,GeminiBot,2990,-10
189,ClaudeBot,2700,-300
190,GPTBot,2940,-60
190,GeminiBot,2800,-200
190,ClaudeBot,3260,260
191,GPTBot,6010,3010
191,GeminiBot,2990,-10
191,ClaudeBot,0,-3000
192,GPTBot,3030,30
192,GeminiBot,2990,-10
192,ClaudeBot,2980,-20
193,GPTBot,3220,220
193,GeminiBot,2800,-200
193,ClaudeBot,2980,-20
194,GPTBot,3610,610
194,GeminiBot,2990,-10
194,ClaudeBot,2400,-600
195,GPTBot,3910,910
195,GeminiBot,2990,-10
195,ClaudeBot,2100,-900
196,GPTBot,3400,400
196,GeminiBot,2800,-200
196,ClaudeBot,2800,-200
197,GPTBot,3510,510
197,GeminiBot,2990,-10
197,ClaudeBot,2500,-500
198,GPTBot,3150,150
198,GeminiBot,2990,-10
198,ClaudeBot,2860,-140
199,GPTBot,3310,310
199,GeminiBot,2990,-10
199,ClaudeBot,2700,-300
200,GPTBot,3220,220
200,GeminiBot,2800,-200
200,ClaudeBot,2980,-20
201,GPTBot,4260,1260
201,GeminiBot,2940,-60
201,ClaudeBot,1800,-1200
202,GPTBot,3150,150
202,GeminiBot,2990,-10
202,ClaudeBot,2860,-140
203,GPTBot,3220,220
203,GeminiBot,2990,-10
203,ClaudeBot,2790,-210
204,GPTBot,3030,30
204,GeminiBot,2990,-10
204,ClaudeBot,2980,-20
205,GPTBot,3030,30
205,GeminiBot,2990,-10
205,ClaudeBot,2980,-20
206,GPTBot,3030,30
206,GeminiBot,2990,-10
206,ClaudeBot,2980,-20
207,GPTBot,3600,600
207,GeminiBot,2850,-150
207,ClaudeBot,2550,-450
208,GPTBot,3910,910
208,GeminiBot,2990,-10
208,ClaudeBot,2100,-900
209,GPTBot,3170,170
209,GeminiBot,2990,-10
209,ClaudeBot,2840,-160
210,GPTBot,3150,150
210,GeminiBot,2990,-10
210,ClaudeBot,2860,-140
211,GPTBot,3060,60
211,GeminiBot,2990,-10
211,ClaudeBot,2950,-50
212,GPTBot,3070,70
212,GeminiBot,2990,-10
212,ClaudeBot,2940,-60
213,GPTBot,3400,400
213,GeminiBot,2990,-10
213,ClaudeBot,2610,-390
214,GPTBot,3030,30
214,GeminiBot,2990,-10
214,ClaudeBot,2980,-20
215,GPTBot,3610,610
215,GeminiBot,2990,-10
215,ClaudeBot,2400,-600
216,GPTBot,3760,760
216,GeminiBot,2990,-10
216,ClaudeBot,2250,-750
217,GPTBot,6010,3010
217,GeminiBot,2990,-10
217,ClaudeBot,0,-3000
218,GPTBot,3220,220
218,GeminiBot,2800,-200
218,ClaudeBot,2980,-20
219,GPTBot,3310,310
219,GeminiBot,2990,-10
219,ClaudeBot,2700,-300
220,GPTBot,3030,30
220,GeminiBot,2990,-10
220,ClaudeBot,2980,-20
221,GPTBot,3610,610
221,GeminiBot,2990,-10
221,ClaudeBot,2400,-600
222,GPTBot,3030,30
222,GeminiBot,2990,-10
222,ClaudeBot,2980,-20
223,GPTBot,4160,1160
223,GeminiBot,2940,-60
223,ClaudeBot,1900,-1100
224,GPTBot,3480,480
224,GeminiBot,2760,-240
224,ClaudeBot,2760,-240
225,GPTBot,3030,30
225,GeminiBot,2990,-10
225,ClaudeBot,2980,-20
226,GPTBot,3030,30
226,GeminiBot,2990,-10
226,ClaudeBot,2980,-20
227,GPTBot,3220,220
227,GeminiBot,2800,-200
227,ClaudeBot,2980,-20
228,GPTBot,3710,710
228,GeminiBot,2990,-10
228,ClaudeBot,2300,-700
229,GPTBot,3220,220
229,GeminiBot,2800,-200
229,ClaudeBot,2980,-20
230,GPTBot,3400,400
230,GeminiBot,2800,-200
230,ClaudeBot,2800,-200
231,GPTBot,3170,170
231,GeminiBot,2990,-10
231,ClaudeBot,2840,-160
232,GPTBot,3030,30
232,GeminiBot,2990,-10
232,ClaudeBot,2980,-20
233,GPTBot,3150,150
233,GeminiBot,2990,-10
233,ClaudeBot,2860,-140
234,GPTBot,3220,220
234,GeminiBot,2800,-200
234,ClaudeBot,2980,-20
235,GPTBot,3210,210
235,GeminiBot,2990,-10
235,ClaudeBot,2800,-200
236,GPTBot,3210,210
236,GeminiBot,2990,-10
236,ClaudeBot,2800,-200
237,GPTBot,3030,30
237,GeminiBot,2990,-10
237,ClaudeBot,2980,-20
238,GPTBot,3070,70
238,GeminiBot,2990,-10
238,ClaudeBot,2940,-60
239,GPTBot,3030,30
239,GeminiBot,2990,-10
239,ClaudeBot,2980,-20
240,GPTBot,3030,30
240,GeminiBot,2990,-10
240,ClaudeBot,2980,-20
241,GPTBot,3220,220
241,GeminiBot,2800,-200
241,ClaudeBot,2980,-20
242,GPTBot,3170,170
242,GeminiBot,2990,-10
242,ClaudeBot,2840,-160
243,GPTBot,6010,3010
243,GeminiBot,2990,-10
243,ClaudeBot,0,-3000
244,GPTBot,3030,30
244,GeminiBot,2990,-10
244,ClaudeBot,2980,-20
245,GPTBot,3210,210
245,GeminiBot,2990,-10
245,ClaudeBot,2800,-200
246,GPTBot,3210,210
246,GeminiBot,2990,-10
246,ClaudeBot,2800,-200
247,GPTBot,3600,600
247,GeminiBot,2850,-150
247,ClaudeBot,2550,-450
248,GPTBot,3170,170
248,GeminiBot,2850,-150
248,ClaudeBot,2980,-20
249,GPTBot,3030,30
249,GeminiBot,2990,-10
249,ClaudeBot,2980,-20
250,GPTBot,3220,220
250,GeminiBot,2800,-200
250,ClaudeBot,2980,-20
251,GPTBot,3030,30
251,GeminiBot,2990,-10
251,ClaudeBot,2980,-20
252,GPTBot,3480,480
252,GeminiBot,2760,-240
252,ClaudeBot,2760,-240
253,GPTBot,3030,30
253,GeminiBot,2990,-10
253,ClaudeBot,2980,-20
254,GPTBot,3220,220
254,GeminiBot,2800,-200
254,ClaudeBot,2980,-20
255,GPTBot,3220,220
255,GeminiBot,2800,-200
255,ClaudeBot,2980,-20
256,GPTBot,3210,210
256,GeminiBot,2990,-10
256,ClaudeBot,2800,-200
257,GPTBot,3510,510
257,GeminiBot,2990,-10
257,ClaudeBot,2500,-500
258,GPTBot,3210,210
258,GeminiBot,2990,-10
258,ClaudeBot,2800,-200
259,GPTBot,3210,210
259,GeminiBot,2990,-10
259,ClaudeBot,2800,-200
260,GPTBot,3170,170
260,GeminiBot,2850,-150
260,ClaudeBot,2980,-20
261,GPTBot,3170,170
261,GeminiBot,2990,-10
261,ClaudeBot,2840,-160
262,GPTBot,3030,30
262,GeminiBot,2990,-10
262,ClaudeBot,2980,-20
263,GPTBot,2940,-60
263,GeminiBot,2800,-200
263,ClaudeBot,3260,260
264,GPTBot,3220,220
264,GeminiBot,2800,-200
264,ClaudeBot,2980,-20
265,GPTBot,3150,150
265,GeminiBot,2990,-10
265,ClaudeBot,2860,-140
266,GPTBot,3070,70
266,GeminiBot,2990,-10
266,ClaudeBot,2940,-60
267,GPTBot,3710,710
267,GeminiBot,2990,-10
267,ClaudeBot,2300,-700
268,GPTBot,3220,220
268,GeminiBot,2800,-200
268,ClaudeBot,2980,-20
269,GPTBot,3030,30
269,GeminiBot,2990,-10
269,ClaudeBot,2980,-20
270,GPTBot,4220,1220
270,GeminiBot,1800,-1200
270,ClaudeBot,2980,-20
271,GPTBot,3610,610
271,GeminiBot,2990,-10
271,ClaudeBot,2400,-600
272,GPTBot,3150,150
272,GeminiBot,2990,-10
272,ClaudeBot,2860,-140
273,GPTBot,2810,-190
273,GeminiBot,2990,-10
273,ClaudeBot,3200,200
274,GPTBot,3220,220
274,GeminiBot,2800,-200
274,ClaudeBot,2980,-20
275,GPTBot,3910,910
275,GeminiBot,2990,-10
275,ClaudeBot,2100,-900
276,GPTBot,3170,170
276,GeminiBot,2990,-10
276,ClaudeBot,2840,-160
277,GPTBot,3600,600
277,GeminiBot,2850,-150
277,ClaudeBot,2550,-450
278,GPTBot,3325,325
278,GeminiBot,2725,-275
278,ClaudeBot,2950,-50
279,GPTBot,3210,210
279,GeminiBot,2990,-10
279,ClaudeBot,2800,-200
280,GPTBot,3610,610
280,GeminiBot,2990,-10
280,ClaudeBot,2400,-600
281,GPTBot,3220,220
281,GeminiBot,2800,-200
281,ClaudeBot,2980,-20
282,GPTBot,3310,310
282,GeminiBot,2990,-10
282,ClaudeBot,2700,-300
283,GPTBot,2940,-60
283,GeminiBot,2800,-200
283,ClaudeBot,3260,260
284,GPTBot,3220,220
284,GeminiBot,2800,-200
284,ClaudeBot,2980,-20
285,GPTBot,4160,1160
285,GeminiBot,2940,-60
285,ClaudeBot,1900,-1100
286,GPTBot,3300,300
286,GeminiBot,2760,-240
286,ClaudeBot,2940,-60
287,GPTBot,5000,2000
287,GeminiBot,2000,-1000
287,ClaudeBot,2000,-1000
288,GPTBot,3190,190
288,GeminiBot,2990,-10
288,ClaudeBot,2820,-180
289,GPTBot,3710,710
289,GeminiBot,2990,-10
289,ClaudeBot,2300,-700
290,GPTBot,3760,760
290,GeminiBot,2990,-10
290,ClaudeBot,2250,-750
291,GPTBot,3210,210
291,GeminiBot,2990,-10
291,ClaudeBot,2800,-200
292,GPTBot,3230,230
292,GeminiBot,2990,-10
292,ClaudeBot,2780,-220
293,GPTBot,3220,220
293,GeminiBot,2800,-200
293,ClaudeBot,2980,-20
294,GPTBot,3220,220
294,GeminiBot,2800,-200
294,ClaudeBot,2980,-20
295,GPTBot,3030,30
295,GeminiBot,2990,-10
295,ClaudeBot,2980,-20
296,GPTBot,3400,400
296,GeminiBot,2800,-200
296,ClaudeBot,2800,-200
297,GPTBot,3220,220
297,GeminiBot,2800,-200
297,ClaudeBot,2980,-20
298,GPTBot,3030,30
298,GeminiBot,2990,-10
298,ClaudeBot,2980,-20
299,GPTBot,3610,610
299,GeminiBot,2990,-10
299,ClaudeBot,2400,-600
300,GPTBot,3400,400
300,GeminiBot,2800,-200
300,ClaudeBot,2800,-200
301,GPTBot,4630,1630
301,GeminiBot,2990,-10
301,ClaudeBot,1380,-1620
302,GPTBot,3400,400
302,GeminiBot,2800,-200
302,ClaudeBot,2800,-200
303,GPTBot,3030,30
303,GeminiBot,2990,-10
303,ClaudeBot,2980,-20
304,GPTBot,3030,30
304,GeminiBot,2990,-10
304,ClaudeBot,2980,-20
305,GPTBot,3070,70
305,GeminiBot,2990,-10
305,ClaudeBot,2940,-60
306,GPTBot,3220,220
306,GeminiBot,2800,-200
306,ClaudeBot,2980,-20
307,GPTBot,3210,210
307,GeminiBot,2990,-10
307,ClaudeBot,2800,-200
308,GPTBot,3450,450
308,GeminiBot,2990,-10
308,ClaudeBot,2560,-440
309,GPTBot,3220,220
309,GeminiBot,2800,-200
309,ClaudeBot,2980,-20
310,GPTBot,3120,120
310,GeminiBot,2990,-10
310,ClaudeBot,2890,-110
311,GPTBot,2950,-50
311,GeminiBot,3070,70
311,ClaudeBot,2980,-20
312,GPTBot,3070,70
312,GeminiBot,2990,-10
312,ClaudeBot,2940,-60
313,GPTBot,3260,260
313,GeminiBot,2800,-200
313,ClaudeBot,2940,-60
314,GPTBot,3720,720
314,GeminiBot,2300,-700
314,ClaudeBot,2980,-20
315,GPTBot,3030,30
315,GeminiBot,2990,-10
315,ClaudeBot,2980,-20
316,GPTBot,3610,610
316,GeminiBot,2990,-10
316,ClaudeBot,2400,-600
317,GPTBot,3030,30
317,GeminiBot,2990,-10
317,ClaudeBot,2980,-20
318,GPTBot,3480,480
318,GeminiBot,2760,-240
318,ClaudeBot,2760,-240
319,GPTBot,3220,220
319,GeminiBot,2800,-200
319,ClaudeBot,2980,-20
320,GPTBot,2940,-60
320,GeminiBot,3660,660
320,ClaudeBot,2400,-600
321,GPTBot,3210,210
321,GeminiBot,2990,-10
321,ClaudeBot,2800,-200
322,GPTBot,3220,220
322,GeminiBot,2800,-200
322,ClaudeBot,2980,-20
323,GPTBot,3710,710
323,GeminiBot,2990,-10
323,ClaudeBot,2300,-700
324,GPTBot,3030,30
324,GeminiBot,2990,-10
324,ClaudeBot,2980,-20
325,GPTBot,3220,220
325,GeminiBot,2800,-200
325,ClaudeBot,2980,-20
326,GPTBot,3220,220
326,GeminiBot,2800,-200
326,ClaudeBot,2980,-20
327,GPTBot,3210,210
327,GeminiBot,2990,-10
327,ClaudeBot,2800,-200
328,GPTBot,3150,150
328,GeminiBot,2990,-10
328,ClaudeBot,2860,-140
329,GPTBot,3030,30
329,GeminiBot,2990,-10
329,ClaudeBot,2980,-20
330,GPTBot,3220,220
330,GeminiBot,2800,-200
330,ClaudeBot,2980,-20
331,GPTBot,3030,30
331,GeminiBot,2990,-10
331,ClaudeBot,2980,-20
332,GPTBot,3760,760
332,GeminiBot,2800,-200
332,ClaudeBot,2440,-560
333,GPTBot,3530,530
333,GeminiBot,2990,-10
333,ClaudeBot,2480,-520
334,GPTBot,3910,910
334,GeminiBot,2990,-10
334,ClaudeBot,2100,-900
335,GPTBot,3150,150
335,GeminiBot,2990,-10
335,ClaudeBot,2860,-140
336,GPTBot,0,-3000
336,GeminiBot,2990,-10
336,ClaudeBot,6010,3010
337,GPTBot,2940,-60
337,GeminiBot,3260,260
337,ClaudeBot,2800,-200
338,GPTBot,3070,70
338,GeminiBot,2990,-10
338,ClaudeBot,2940,-60
339,GPTBot,3310,310
339,GeminiBot,2990,-10
339,ClaudeBot,2700,-300
340,GPTBot,3220,220
340,GeminiBot,2800,-200
340,ClaudeBot,2980,-20
341,GPTBot,3300,300
341,GeminiBot,2940,-60
341,ClaudeBot,2760,-240
342,GPTBot,3710,710
342,GeminiBot,2990,-10
342,ClaudeBot,2300,-700
343,GPTBot,3030,30
343,GeminiBot,2990,-10
343,ClaudeBot,2980,-20
344,GPTBot,3400,400
344,GeminiBot,2800,-200
344,ClaudeBot,2800,-200
345,GPTBot,2330,-670
345,GeminiBot,2990,-10
345,ClaudeBot,3680,680
346,GPTBot,3170,170
346,GeminiBot,2850,-150
346,ClaudeBot,2980,-20
347,GPTBot,3150,150
347,GeminiBot,2990,-10
347,ClaudeBot,2860,-140
348,GPTBot,3150,150
348,GeminiBot,2990,-10
348,ClaudeBot,2860,-140
349,GPTBot,3030,30
349,GeminiBot,2990,-10
349,ClaudeBot,2980,-20
350,GPTBot,3070,70
350,GeminiBot,2990,-10
350,ClaudeBot,2940,-60
351,GPTBot,3220,220
351,GeminiBot,2800,-200
351,ClaudeBot,2980,-20
352,GPTBot,3030,30
352,GeminiBot,2990,-10
352,ClaudeBot,2980,-20
353,GPTBot,3030,30
353,GeminiBot,2990,-10
353,ClaudeBot,2980,-20
354,GPTBot,3170,170
354,GeminiBot,2990,-10
354,ClaudeBot,2840,-160
355,GPTBot,3030,30
355,GeminiBot,2990,-10
355,ClaudeBot,2980,-20
356,GPTBot,3070,70
356,GeminiBot,2990,-10
356,ClaudeBot,2940,-60
357,GPTBot,3170,170
357,GeminiBot,2850,-150
357,ClaudeBot,2980,-20
358,GPTBot,3220,220
358,GeminiBot,2800,-200
358,ClaudeBot,2980,-20
359,GPTBot,3170,170
359,GeminiBot,2850,-150
359,ClaudeBot,2980,-20
360,GPTBot,3030,30
360,GeminiBot,2990,-10
360,ClaudeBot,2980,-20
361,GPTBot,2940,-60
361,GeminiBot,2400,-600
361,ClaudeBot,3660,660
362,GPTBot,3130,130
362,GeminiBot,2990,-10
362,ClaudeBot,2880,-120
363,GPTBot,3400,400
363,GeminiBot,2800,-200
363,ClaudeBot,2800,-200
364,GPTBot,3030,30
364,GeminiBot,2990,-10
364,ClaudeBot,2980,-20
365,GPTBot,3220,220
365,GeminiBot,2800,-200
365,ClaudeBot,2980,-20
366,GPTBot,3030,30
366,GeminiBot,2990,-10
366,ClaudeBot,2980,-20
367,GPTBot,3170,170
367,GeminiBot,2850,-150
367,ClaudeBot,2980,-20
368,GPTBot,3030,30
368,GeminiBot,2990,-10
368,ClaudeBot,2980,-20
369,GPTBot,3030,30
369,GeminiBot,2990,-10
369,ClaudeBot,2980,-20
370,GPTBot,3400,400
370,GeminiBot,2800,-200
370,ClaudeBot,2800,-200
371,GPTBot,3030,30
371,GeminiBot,2990,-10
371,ClaudeBot,2980,-20
372,GPTBot,3360,360
372,GeminiBot,2820,-180
372,ClaudeBot,2820,-180
373,GPTBot,3210,210
373,GeminiBot,2990,-10
373,ClaudeBot,2800,-200
374,GPTBot,3610,610
374,GeminiBot,2990,-10
374,ClaudeBot,2400,-600
375,GPTBot,3300,300
375,GeminiBot,2850,-150
375,ClaudeBot,2850,-150
376,GPTBot,3600,600
376,GeminiBot,2850,-150
376,ClaudeBot,2550,-450
377,GPTBot,3150,150
377,GeminiBot,2990,-10
377,ClaudeBot,2860,-140
378,GPTBot,3210,210
378,GeminiBot,2990,-10
378,ClaudeBot,2800,-200
379,GPTBot,6010,3010
379,GeminiBot,2990,-10
379,ClaudeBot,0,-3000
380,GPTBot,2660,-340
380,GeminiBot,3360,360
380,ClaudeBot,2980,-20
381,GPTBot,3170,170
381,GeminiBot,2990,-10
381,ClaudeBot,2840,-160
382,GPTBot,3130,130
382,GeminiBot,2990,-10
382,ClaudeBot,2880,-120
383,GPTBot,3760,760
383,GeminiBot,2990,-10
383,ClaudeBot,2250,-750
384,GPTBot,3030,30
384,GeminiBot,2990,-10
384,ClaudeBot,2980,-20
385,GPTBot,3220,220
385,GeminiBot,2800,-200
385,ClaudeBot,2980,-20
386,GPTBot,3260,260
386,GeminiBot,2760,-240
386,ClaudeBot,2980,-20
387,GPTBot,3030,30
387,GeminiBot,2990,-10
387,ClaudeBot,2980,-20
388,GPTBot,3030,30
388,GeminiBot,2990,-10
388,ClaudeBot,2980,-20
389,GPTBot,1740,-1260
389,GeminiBot,2990,-10
389,ClaudeBot,4270,1270
390,GPTBot,3220,220
390,GeminiBot,2800,-200
390,ClaudeBot,2980,-20
391,GPTBot,0,-3000
391,GeminiBot,2990,-10
391,ClaudeBot,6010,3010
392,GPTBot,3210,210
392,GeminiBot,2990,-10
392,ClaudeBot,2800,-200
393,GPTBot,3400,400
393,GeminiBot,2800,-200
393,ClaudeBot,2800,-200
394,GPTBot,3030,30
394,GeminiBot,2990,-10
394,ClaudeBot,2980,-20
395,GPTBot,3220,220
395,GeminiBot,2800,-200
395,ClaudeBot,2980,-20
396,GPTBot,3320,320
396,GeminiBot,2740,-260
396,ClaudeBot,2940,-60
397,GPTBot,3400,400
397,GeminiBot,2940,-60
397,ClaudeBot,2660,-340
398,GPTBot,3030,30
398,GeminiBot,2990,-10
398,ClaudeBot,2980,-20
399,GPTBot,3240,240
399,GeminiBot,2780,-220
399,ClaudeBot,2980,-20
400,GPTBot,3610,610
400,GeminiBot,2990,-10
400,ClaudeBot,2400,-600
401,GPTBot,2690,-310
401,GeminiBot,2990,-10
401,ClaudeBot,3320,320
402,GPTBot,3610,610
402,GeminiBot,2990,-10
402,ClaudeBot,2400,-600
403,GPTBot,3480,480
403,GeminiBot,2990,-10
403,ClaudeBot,2530,-470
404,GPTBot,3750,750
404,GeminiBot,2800,-200
404,ClaudeBot,2450,-550
405,GPTBot,3170,170
405,GeminiBot,2990,-10
405,ClaudeBot,2840,-160
406,GPTBot,3030,30
406,GeminiBot,2990,-10
406,ClaudeBot,2980,-20
407,GPTBot,3220,220
407,GeminiBot,2800,-200
407,ClaudeBot,2980,-20
408,GPTBot,3170,170
408,GeminiBot,2990,-10
408,ClaudeBot,2840,-160
409,GPTBot,3030,30
409,GeminiBot,2990,-10
409,ClaudeBot,2980,-20
410,GPTBot,3220,220
410,GeminiBot,2800,-200
410,ClaudeBot,2980,-20
411,GPTBot,3070,70
411,GeminiBot,2990,-10
411,ClaudeBot,2940,-60
412,GPTBot,3030,30
412,GeminiBot,2990,-10
412,ClaudeBot,2980,-20
413,GPTBot,3200,200
413,GeminiBot,2990,-10
413,ClaudeBot,2810,-190
414,GPTBot,3210,210
414,GeminiBot,2950,-50
414,ClaudeBot,2840,-160
415,GPTBot,3030,30
415,GeminiBot,2990,-10
415,ClaudeBot,2980,-20
416,GPTBot,3200,200
416,GeminiBot,2820,-180
416,ClaudeBot,2980,-20
417,GPTBot,3170,170
417,GeminiBot,2990,-10
417,ClaudeBot,2840,-160
418,GPTBot,3230,230
418,GeminiBot,2990,-10
418,ClaudeBot,2780,-220
419,GPTBot,3030,30
419,GeminiBot,2990,-10
419,ClaudeBot,2980,-20
420,GPTBot,3220,220
420,GeminiBot,2800,-200
420,ClaudeBot,2980,-20
421,GPTBot,3150,150
421,GeminiBot,2990,-10
421,ClaudeBot,2860,-140
422,GPTBot,4600,1600
422,GeminiBot,2900,-100
422,ClaudeBot,1500,-1500
423,GPTBot,3220,220
423,GeminiBot,2800,-200
423,ClaudeBot,2980,-20
424,GPTBot,2700,-300
424,GeminiBot,2990,-10
424,ClaudeBot,3310,310
425,GPTBot,3030,30
425,GeminiBot,2990,-10
425,ClaudeBot,2980,-20
426,GPTBot,3170,170
426,GeminiBot,2850,-150
426,ClaudeBot,2980,-20
427,GPTBot,2620,-380
427,GeminiBot,2000,-1000
427,ClaudeBot,4380,1380
428,GPTBot,3330,330
428,GeminiBot,2990,-10
428,ClaudeBot,2680,-320
429,GPTBot,2950,-50
429,GeminiBot,3070,70
429,ClaudeBot,2980,-20
430,GPTBot,3120,120
430,GeminiBot,2990,-10
430,ClaudeBot,2890,-110
431,GPTBot,3070,70
431,GeminiBot,2990,-10
431,ClaudeBot,2940,-60
432,GPTBot,3150,150
432,GeminiBot,2990,-10
432,ClaudeBot,2860,-140
433,GPTBot,3120,120
433,GeminiBot,2990,-10
433,ClaudeBot,2890,-110
434,GPTBot,3400,400
434,GeminiBot,2800,-200
434,ClaudeBot,2800,-200
435,GPTBot,3200,200
435,GeminiBot,2820,-180
435,ClaudeBot,2980,-20
436,GPTBot,3150,150
436,GeminiBot,2990,-10
436,ClaudeBot,2860,-140
437,GPTBot,2700,-300
437,GeminiBot,2990,-10
437,ClaudeBot,3310,310
438,GPTBot,3060,60
438,GeminiBot,2990,-10
438,ClaudeBot,2950,-50
439,GPTBot,3220,220
439,GeminiBot,2800,-200
439,ClaudeBot,2980,-20
440,GPTBot,3030,30
440,GeminiBot,2990,-10
440,ClaudeBot,2980,-20
441,GPTBot,3030,30
441,GeminiBot,2990,-10
441,ClaudeBot,2980,-20
442,GPTBot,3150,150
442,GeminiBot,2990,-10
442,ClaudeBot,2860,-140
443,GPTBot,3150,150
443,GeminiBot,2990,-10
443,ClaudeBot,2860,-140
444,GPTBot,3220,220
444,GeminiBot,2800,-200
444,ClaudeBot,2980,-20
445,GPTBot,3170,170
445,GeminiBot,2850,-150
445,ClaudeBot,2980,-20
446,GPTBot,3550,550
446,GeminiBot,2990,-10
446,ClaudeBot,2460,-540
447,GPTBot,3710,710
447,GeminiBot,2990,-10
447,ClaudeBot,2300,-700
448,GPTBot,3070,70
448,GeminiBot,2990,-10
448,ClaudeBot,2940,-60
449,GPTBot,3150,150
449,GeminiBot,2990,-10
449,ClaudeBot,2860,-140
450,GPTBot,3170,170
450,GeminiBot,2990,-10
450,ClaudeBot,2840,-160
451,GPTBot,3600,600
451,GeminiBot,2850,-150
451,ClaudeBot,2550,-450
452,GPTBot,3220,220
452,GeminiBot,2800,-200
452,ClaudeBot,2980,-20
453,GPTBot,3270,270
453,GeminiBot,2750,-250
453,ClaudeBot,2980,-20
454,GPTBot,3220,220
454,GeminiBot,2800,-200
454,ClaudeBot,2980,-20
455,GPTBot,3150,150
455,GeminiBot,2990,-10
455,ClaudeBot,2860,-140
456,GPTBot,4220,1220
456,GeminiBot,1800,-1200
456,ClaudeBot,2980,-20
457,GPTBot,3150,150
457,GeminiBot,2990,-10
457,ClaudeBot,2860,-140
458,GPTBot,3150,150
458,GeminiBot,2990,-10
458,ClaudeBot,2860,-140
459,GPTBot,3030,30
459,GeminiBot,2990,-10
459,ClaudeBot,2980,-20
460,GPTBot,3270,270
460,GeminiBot,2750,-250
460,ClaudeBot,2980,-20
461,GPTBot,2700,-300
461,GeminiBot,2990,-10
461,ClaudeBot,3310,310
462,GPTBot,3230,230
462,GeminiBot,2790,-210
462,ClaudeBot,2980,-20
463,GPTBot,3150,150
463,GeminiBot,2990,-10
463,ClaudeBot,2860,-140
464,GPTBot,3500,500
464,GeminiBot,2990,-10
464,ClaudeBot,2510,-490
465,GPTBot,3400,400
465,GeminiBot,2800,-200
465,ClaudeBot,2800,-200
466,GPTBot,3030,30
466,GeminiBot,2990,-10
466,ClaudeBot,2980,-20
467,GPTBot,3220,220
467,GeminiBot,2800,-200
467,ClaudeBot,2980,-20
468,GPTBot,3220,220
468,GeminiBot,2800,-200
468,ClaudeBot,2980,-20
469,GPTBot,6010,3010
469,GeminiBot,2990,-10
469,ClaudeBot,0,-3000
470,GPTBot,3160,160
470,GeminiBot,2990,-10
470,ClaudeBot,2850,-150
471,GPTBot,3030,30
471,GeminiBot,2990,-10
471,ClaudeBot,2980,-20
472,GPTBot,2950,-50
472,GeminiBot,3070,70
472,ClaudeBot,2980,-20
473,GPTBot,3400,400
473,GeminiBot,2800,-200
473,ClaudeBot,2800,-200
474,GPTBot,3280,280
474,GeminiBot,2780,-220
474,ClaudeBot,2940,-60
475,GPTBot,3030,30
475,GeminiBot,2990,-10
475,ClaudeBot,2980,-20
476,GPTBot,3030,30
476,GeminiBot,2990,-10
476,ClaudeBot,2980,-20
477,GPTBot,2950,-50
477,GeminiBot,2050,-950
477,ClaudeBot,4000,1000
478,GPTBot,3760,760
478,GeminiBot,2990,-10
478,ClaudeBot,2250,-750
479,GPTBot,3070,70
479,GeminiBot,2990,-10
479,ClaudeBot,2940,-60
480,GPTBot,2940,-60
480,GeminiBot,3080,80
480,ClaudeBot,2980,-20
481,GPTBot,3030,30
481,GeminiBot,2990,-10
481,ClaudeBot,2980,-20
482,GPTBot,3490,490
482,GeminiBot,2990,-10
482,ClaudeBot,2520,-480
483,GPTBot,4020,1020
483,GeminiBot,2000,-1000
483,ClaudeBot,2980,-20
484,GPTBot,3210,210
484,GeminiBot,2990,-10
484,ClaudeBot,2800,-200
485,GPTBot,3220,220
485,GeminiBot,2800,-200
485,ClaudeBot,2980,-20
486,GPTBot,3760,760
486,GeminiBot,2990,-10
486,ClaudeBot,2250,-750
487,GPTBot,3150,150
487,GeminiBot,2990,-10
487,ClaudeBot,2860,-140
488,GPTBot,3530,530
488,GeminiBot,2990,-10
488,ClaudeBot,2480,-520
489,GPTBot,3030,30
489,GeminiBot,2990,-10
489,ClaudeBot,2980,-20
490,GPTBot,3310,310
490,GeminiBot,2990,-10
490,ClaudeBot,2700,-300
491,GPTBot,3070,70
491,GeminiBot,2990,-10
491,ClaudeBot,2940,-60
492,GPTBot,3220,220
492,GeminiBot,2800,-200
492,ClaudeBot,2980,-20
493,GPTBot,3130,130
493,GeminiBot,2990,-10
493,ClaudeBot,2880,-120
494,GPTBot,3150,150
494,GeminiBot,2990,-10
494,ClaudeBot,2860,-140
495,GPTBot,3030,30
495,GeminiBot,2990,-10
495,ClaudeBot,2980,-20
496,GPTBot,3030,30
496,GeminiBot,2990,-10
496,ClaudeBot,2980,-20
497,GPTBot,2940,-60
497,GeminiBot,3600,600
497,ClaudeBot,2460,-540
498,GPTBot,3220,220
498,GeminiBot,2800,-200
498,ClaudeBot,2980,-20
499,GPTBot,3530,530
499,GeminiBot,2990,-10
499,ClaudeBot,2480,-520
500,GPTBot,3150,150
500,GeminiBot,2990,-10
500,ClaudeBot,2860,-140
501,GPTBot,3670,670
501,GeminiBot,2990,-10
501,ClaudeBot,2340,-660
502,GPTBot,3220,220
502,GeminiBot,2800,-200
502,ClaudeBot,2980,-20
503,GPTBot,2940,-60
503,GeminiBot,1500,-1500
503,ClaudeBot,4560,1560
504,GPTBot,0,-3000
504,GeminiBot,2990,-10
504,ClaudeBot,6010,3010
505,GPTBot,3220,220
505,GeminiBot,2800,-200
505,ClaudeBot,2980,-20
506,GPTBot,3030,30
506,GeminiBot,2990,-10
506,ClaudeBot,2980,-20
507,GPTBot,3220,220
507,GeminiBot,2800,-200
507,ClaudeBot,2980,-20
508,GPTBot,3480,480
508,GeminiBot,2990,-10
508,ClaudeBot,2530,-470
509,GPTBot,3170,170
509,GeminiBot,2850,-150
509,ClaudeBot,2980,-20
510,GPTBot,3910,910
510,GeminiBot,2990,-10
510,ClaudeBot,2100,-900
511,GPTBot,3450,450
511,GeminiBot,2990,-10
511,ClaudeBot,2560,-440
512,GPTBot,3220,220
512,GeminiBot,2800,-200
512,ClaudeBot,2980,-20
513,GPTBot,3030,30
513,GeminiBot,2990,-10
513,ClaudeBot,2980,-20
514,GPTBot,3910,910
514,GeminiBot,2990,-10
514,ClaudeBot,2100,-900
515,GPTBot,3200,200
515,GeminiBot,2990,-10
515,ClaudeBot,2810,-190
516,GPTBot,3400,400
516,GeminiBot,2800,-200
516,ClaudeBot,2800,-200
517,GPTBot,3030,30
517,GeminiBot,2990,-10
517,ClaudeBot,2980,-20
518,GPTBot,3220,220
518,GeminiBot,2800,-200
518,ClaudeBot,2980,-20
519,GPTBot,3260,260
519,GeminiBot,2760,-240
519,ClaudeBot,2980,-20
520,GPTBot,3070,70
520,GeminiBot,2990,-10
520,ClaudeBot,2940,-60
521,GPTBot,3220,220
521,GeminiBot,2800,-200
521,ClaudeBot,2980,-20
522,GPTBot,3400,400
522,GeminiBot,2800,-200
522,ClaudeBot,2800,-200
523,GPTBot,3130,130
523,GeminiBot,2990,-10
523,ClaudeBot,2880,-120
524,GPTBot,3610,610
524,GeminiBot,2990,-10
524,ClaudeBot,2400,-600
525,GPTBot,3210,210
525,GeminiBot,2990,-10
525,ClaudeBot,2800,-200
526,GPTBot,3070,70
526,GeminiBot,2990,-10
526,ClaudeBot,2940,-60
527,GPTBot,3300,300
527,GeminiBot,2850,-150
527,ClaudeBot,2850,-150
528,GPTBot,3135,135
528,GeminiBot,2990,-10
528,ClaudeBot,2875,-125
529,GPTBot,3070,70
529,GeminiBot,2990,-10
529,ClaudeBot,2940,-60
530,GPTBot,3660,660
530,GeminiBot,2820,-180
530,ClaudeBot,2520,-480
531,GPTBot,3170,170
531,GeminiBot,2990,-10
531,ClaudeBot,2840,-160
532,GPTBot,3400,400
532,GeminiBot,2800,-200
532,ClaudeBot,2800,-200
533,GPTBot,2940,-60
533,GeminiBot,3660,660
533,ClaudeBot,2400,-600
534,GPTBot,3400,400
534,GeminiBot,2800,-200
534,ClaudeBot,2800,-200
535,GPTBot,3150,150
535,GeminiBot,2990,-10
535,ClaudeBot,2860,-140
536,GPTBot,1600,-1400
536,GeminiBot,2990,-10
536,ClaudeBot,4410,1410
537,GPTBot,3490,490
537,GeminiBot,2990,-10
537,ClaudeBot,2520,-480
538,GPTBot,3070,70
538,GeminiBot,2990,-10
538,ClaudeBot,2940,-60
539,GPTBot,3530,530
539,GeminiBot,2990,-10
539,ClaudeBot,2480,-520
540,GPTBot,3250,250
540,GeminiBot,2770,-230
540,ClaudeBot,2980,-20
541,GPTBot,3910,910
541,GeminiBot,2990,-10
541,ClaudeBot,2100,-900
542,GPTBot,3220,220
542,GeminiBot,2800,-200
542,ClaudeBot,2980,-20
543,GPTBot,3310,310
543,GeminiBot,2990,-10
543,ClaudeBot,2700,-300
544,GPTBot,3030,30
544,GeminiBot,2990,-10
544,ClaudeBot,2980,-20
545,GPTBot,3720,720
545,GeminiBot,2820,-180
545,ClaudeBot,2460,-540
546,GPTBot,3150,150
546,GeminiBot,2990,-10
546,ClaudeBot,2860,-140
547,GPTBot,2700,-300
547,GeminiBot,3480,480
547,ClaudeBot,2820,-180
548,GPTBot,3030,30
548,GeminiBot,2990,-10
548,ClaudeBot,2980,-20
549,GPTBot,3220,220
549,GeminiBot,2800,-200
549,ClaudeBot,2980,-20
550,GPTBot,3190,190
550,GeminiBot,2990,-10
550,ClaudeBot,2820,-180
551,GPTBot,3220,220
551,GeminiBot,2800,-200
551,ClaudeBot,2980,-20
552,GPTBot,3320,320
552,GeminiBot,2700,-300
552,ClaudeBot,2980,-20
553,GPTBot,3030,30
553,GeminiBot,2990,-10
553,ClaudeBot,2980,-20
554,GPTBot,3910,910
554,GeminiBot,2990,-10
554,ClaudeBot,2100,-900
555,GPTBot,3610,610
555,GeminiBot,2990,-10
555,ClaudeBot,2400,-600
556,GPTBot,3230,230
556,GeminiBot,2990,-10
556,ClaudeBot,2780,-220
557,GPTBot,3150,150
557,GeminiBot,2990,-10
557,ClaudeBot,2860,-140
558,GPTBot,3400,400
558,GeminiBot,2800,-200
558,ClaudeBot,2800,-200
559,GPTBot,3210,210
559,GeminiBot,2990,-10
559,ClaudeBot,2800,-200
560,GPTBot,3150,150
560,GeminiBot,2990,-10
560,ClaudeBot,2860,-140
561,GPTBot,3070,70
561,GeminiBot,2990,-10
561,ClaudeBot,2940,-60
562,GPTBot,3610,610
562,GeminiBot,2990,-10
562,ClaudeBot,2400,-600
563,GPTBot,3220,220
563,GeminiBot,2800,-200
563,ClaudeBot,2980,-20
564,GPTBot,3220,220
564,GeminiBot,2800,-200
564,ClaudeBot,2980,-20
565,GPTBot,3030,30
565,GeminiBot,2990,-10
565,ClaudeBot,2980,-20
566,GPTBot,3200,200
566,GeminiBot,2820,-180
566,ClaudeBot,2980,-20
567,GPTBot,3310,310
567,GeminiBot,2990,-10
567,ClaudeBot,2700,-300
568,GPTBot,3610,610
568,GeminiBot,2990,-10
568,ClaudeBot,2400,-600
569,GPTBot,3610,610
569,GeminiBot,2990,-10
569,ClaudeBot,2400,-600
570,GPTBot,3400,400
570,GeminiBot,2800,-200
570,ClaudeBot,2800,-200
571,GPTBot,3070,70
571,GeminiBot,2990,-10
571,ClaudeBot,2940,-60
572,GPTBot,3030,30
572,GeminiBot,2990,-10
572,ClaudeBot,2980,-20
573,GPTBot,2940,-60
573,GeminiBot,2800,-200
573,ClaudeBot,3260,260
574,GPTBot,3150,150
574,GeminiBot,2990,-10
574,ClaudeBot,2860,-140
575,GPTBot,3060,60
575,GeminiBot,2990,-10
575,ClaudeBot,2950,-50
576,GPTBot,3030,30
576,GeminiBot,2990,-10
576,ClaudeBot,2980,-20
577,GPTBot,3030,30
577,GeminiBot,2990,-10
577,ClaudeBot,2980,-20
578,GPTBot,6010,3010
578,GeminiBot,2990,-10
578,ClaudeBot,0,-3000
579,GPTBot,3030,30
579,GeminiBot,2990,-10
579,ClaudeBot,2980,-20
580,GPTBot,3030,30
580,GeminiBot,2990,-10
580,ClaudeBot,2980,-20
581,GPTBot,3030,30
581,GeminiBot,2990,-10
581,ClaudeBot,2980,-20
582,GPTBot,3150,150
582,GeminiBot,2990,-10
582,ClaudeBot,2860,-140
583,GPTBot,6010,3010
583,GeminiBot,2990,-10
583,ClaudeBot,0,-3000
584,GPTBot,2940,-60
584,GeminiBot,0,-3000
584,ClaudeBot,6060,3060
585,GPTBot,3210,210
585,GeminiBot,2990,-10
585,ClaudeBot,2800,-200
586,GPTBot,2940,-60
586,GeminiBot,1200,-1800
586,ClaudeBot,4860,1860
587,GPTBot,3140,140
587,GeminiBot,2990,-10
587,ClaudeBot,2870,-130
588,GPTBot,3030,30
588,GeminiBot,2990,-10
588,ClaudeBot,2980,-20
589,GPTBot,3310,310
589,GeminiBot,2990,-10
589,ClaudeBot,2700,-300
590,GPTBot,3210,210
590,GeminiBot,2990,-10
590,ClaudeBot,2800,-200
591,GPTBot,3170,170
591,GeminiBot,2990,-10
591,ClaudeBot,2840,-160
592,GPTBot,3000,0
592,GeminiBot,1200,-1800
592,ClaudeBot,4800,1800
593,GPTBot,3170,170
593,GeminiBot,2990,-10
593,ClaudeBot,2840,-160
594,GPTBot,3220,220
594,GeminiBot,2800,-200
594,ClaudeBot,2980,-20
595,GPTBot,3030,30
595,GeminiBot,2990,-10
595,ClaudeBot,2980,-20
596,GPTBot,3070,70
596,GeminiBot,2990,-10
596,ClaudeBot,2940,-60
597,GPTBot,3150,150
597,GeminiBot,2990,-10
597,ClaudeBot,2860,-140
598,GPTBot,3260,260
598,GeminiBot,2940,-60
598,ClaudeBot,2800,-200
599,GPTBot,3910,910
599,GeminiBot,2990,-10
599,ClaudeBot,2100,-900
600,GPTBot,3260,260
600,GeminiBot,2790,-210
600,ClaudeBot,2950,-50
601,GPTBot,3220,220
601,GeminiBot,2800,-200
601,ClaudeBot,2980,-20
602,GPTBot,3210,210
602,GeminiBot,2990,-10
602,ClaudeBot,2800,-200
603,GPTBot,3400,400
603,GeminiBot,2800,-200
603,ClaudeBot,2800,-200
604,GPTBot,3170,170
604,GeminiBot,2990,-10
604,ClaudeBot,2840,-160
605,GPTBot,3170,170
605,GeminiBot,2990,-10
605,ClaudeBot,2840,-160
606,GPTBot,3480,480
606,GeminiBot,2990,-10
606,ClaudeBot,2530,-470
607,GPTBot,3030,30
607,GeminiBot,2990,-10
607,ClaudeBot,2980,-20
608,GPTBot,3030,30
608,GeminiBot,2990,-10
608,ClaudeBot,2980,-20
609,GPTBot,3210,210
609,GeminiBot,2990,-10
609,ClaudeBot,2800,-200
610,GPTBot,2800,-200
610,GeminiBot,2990,-10
610,ClaudeBot,3210,210
611,GPTBot,3220,220
611,GeminiBot,2800,-200
611,ClaudeBot,2980,-20
612,GPTBot,3220,220
612,GeminiBot,2800,-200
612,ClaudeBot,2980,-20
613,GPTBot,3210,210
613,GeminiBot,2990,-10
613,ClaudeBot,2800,-200
614,GPTBot,3160,160
614,GeminiBot,2990,-10
614,ClaudeBot,2850,-150
615,GPTBot,3910,910
615,GeminiBot,2990,-10
615,ClaudeBot,2100,-900
616,GPTBot,3220,220
616,GeminiBot,2800,-200
616,ClaudeBot,2980,-20
617,GPTBot,4260,1260
617,GeminiBot,2940,-60
617,ClaudeBot,1800,-1200
618,GPTBot,3480,480
618,GeminiBot,2760,-240
618,ClaudeBot,2760,-240
619,GPTBot,3620,620
619,GeminiBot,2400,-600
619,ClaudeBot,2980,-20
620,GPTBot,3070,70
620,GeminiBot,2990,-10
620,ClaudeBot,2940,-60
621,GPTBot,3030,30
621,GeminiBot,2990,-10
621,ClaudeBot,2980,-20
622,GPTBot,3030,30
622,GeminiBot,2990,-10
622,ClaudeBot,2980,-20
623,GPTBot,3250,250
623,GeminiBot,2770,-230
623,ClaudeBot,2980,-20
624,GPTBot,2540,-460
624,GeminiBot,3480,480
624,ClaudeBot,2980,-20
625,GPTBot,3030,30
625,GeminiBot,2990,-10
625,ClaudeBot,2980,-20
626,GPTBot,3220,220
626,GeminiBot,2800,-200
626,ClaudeBot,2980,-20
627,GPTBot,3030,30
627,GeminiBot,2990,-10
627,ClaudeBot,2980,-20
628,GPTBot,3610,610
628,GeminiBot,2990,-10
628,ClaudeBot,2400,-600
629,GPTBot,3030,30
629,GeminiBot,2990,-10
629,ClaudeBot,2980,-20
630,GPTBot,3400,400
630,GeminiBot,2800,-200
630,ClaudeBot,2800,-200
631,GPTBot,3220,220
631,GeminiBot,2800,-200
631,ClaudeBot,2980,-20
632,GPTBot,2900,-100
632,GeminiBot,4000,1000
632,ClaudeBot,2100,-900
633,GPTBot,3860,860
633,GeminiBot,2990,-10
633,ClaudeBot,2150,-850
634,GPTBot,3220,220
634,GeminiBot,2800,-200
634,ClaudeBot,2980,-20
635,GPTBot,3400,400
635,GeminiBot,2990,-10
635,ClaudeBot,2610,-390
636,GPTBot,3455,455
636,GeminiBot,2990,-10
636,ClaudeBot,2555,-445
637,GPTBot,3220,220
637,GeminiBot,2800,-200
637,ClaudeBot,2980,-20
638,GPTBot,3220,220
638,GeminiBot,2800,-200
638,ClaudeBot,2980,-20
639,GPTBot,3960,960
639,GeminiBot,2760,-240
639,ClaudeBot,2280,-720
640,GPTBot,2950,-50
640,GeminiBot,3070,70
640,ClaudeBot,2980,-20
641,GPTBot,3220,220
641,GeminiBot,2800,-200
641,ClaudeBot,2980,-20
642,GPTBot,3170,170
642,GeminiBot,2990,-10
642,ClaudeBot,2840,-160
643,GPTBot,2940,-60
643,GeminiBot,3660,660
643,ClaudeBot,2400,-600
644,GPTBot,6010,3010
644,GeminiBot,2990,-10
644,ClaudeBot,0,-3000
645,GPTBot,3170,170
645,GeminiBot,2850,-150
645,ClaudeBot,2980,-20
646,GPTBot,3210,210
646,GeminiBot,2990,-10
646,ClaudeBot,2800,-200
647,GPTBot,3030,30
647,GeminiBot,2990,-10
647,ClaudeBot,2980,-20
648,GPTBot,3600,600
648,GeminiBot,2850,-150
648,ClaudeBot,2550,-450
649,GPTBot,3070,70
649,GeminiBot,2990,-10
649,ClaudeBot,2940,-60
650,GPTBot,3030,30
650,GeminiBot,2990,-10
650,ClaudeBot,2980,-20
651,GPTBot,3220,220
651,GeminiBot,2800,-200
651,ClaudeBot,2980,-20
652,GPTBot,3400,400
652,GeminiBot,2800,-200
652,ClaudeBot,2800,-200
653,GPTBot,1610,-1390
653,GeminiBot,2990,-10
653,ClaudeBot,4400,1400
654,GPTBot,3170,170
654,GeminiBot,2850,-150
654,ClaudeBot,2980,-20
655,GPTBot,3220,220
655,GeminiBot,2800,-200
655,ClaudeBot,2980,-20
656,GPTBot,3170,170
656,GeminiBot,2850,-150
656,ClaudeBot,2980,-20
657,GPTBot,3030,30
657,GeminiBot,2990,-10
657,ClaudeBot,2980,-20
658,GPTBot,2940,-60
658,GeminiBot,2800,-200
658,ClaudeBot,3260,260
659,GPTBot,3130,130
659,GeminiBot,2990,-10
659,ClaudeBot,2880,-120
660,GPTBot,3210,210
660,GeminiBot,2990,-10
660,ClaudeBot,2800,-200
661,GPTBot,3450,450
661,GeminiBot,2990,-10
661,ClaudeBot,2560,-440
662,GPTBot,3490,490
662,GeminiBot,2990,-10
662,ClaudeBot,2520,-480
663,GPTBot,3200,200
663,GeminiBot,2820,-180
663,ClaudeBot,2980,-20
664,GPTBot,3170,170
664,GeminiBot,2990,-10
664,ClaudeBot,2840,-160
665,GPTBot,3220,220
665,GeminiBot,2800,-200
665,ClaudeBot,2980,-20
666,GPTBot,3030,30
666,GeminiBot,2990,-10
666,ClaudeBot,2980,-20
667,GPTBot,3200,200
667,GeminiBot,2990,-10
667,ClaudeBot,2810,-190
668,GPTBot,3220,220
668,GeminiBot,2800,-200
668,ClaudeBot,2980,-20
669,GPTBot,3910,910
669,GeminiBot,2990,-10
669,ClaudeBot,2100,-900
670,GPTBot,3220,220
670,GeminiBot,2800,-200
670,ClaudeBot,2980,-20
671,GPTBot,3130,130
671,GeminiBot,2990,-10
671,ClaudeBot,2880,-120
672,GPTBot,3610,610
672,GeminiBot,2990,-10
672,ClaudeBot,2400,-600
673,GPTBot,3300,300
673,GeminiBot,2850,-150
673,ClaudeBot,2850,-150
674,GPTBot,3030,30
674,GeminiBot,2990,-10
674,ClaudeBot,2980,-20
675,GPTBot,3490,490
675,GeminiBot,2990,-10
675,ClaudeBot,2520,-480
676,GPTBot,3480,480
676,GeminiBot,2760,-240
676,ClaudeBot,2760,-240
677,GPTBot,3060,60
677,GeminiBot,2990,-10
677,ClaudeBot,2950,-50
678,GPTBot,3510,510
678,GeminiBot,2990,-10
678,ClaudeBot,2500,-500
679,GPTBot,2580,-420
679,GeminiBot,3440,440
679,ClaudeBot,2980,-20
680,GPTBot,2810,-190
680,GeminiBot,2990,-10
680,ClaudeBot,3200,200
681,GPTBot,3210,210
681,GeminiBot,2990,-10
681,ClaudeBot,2800,-200
682,GPTBot,3660,660
682,GeminiBot,2990,-10
682,ClaudeBot,2350,-650
683,GPTBot,3910,910
683,GeminiBot,2990,-10
683,ClaudeBot,2100,-900
684,GPTBot,2940,-60
684,GeminiBot,2400,-600
684,ClaudeBot,3660,660
685,GPTBot,3220,220
685,GeminiBot,2800,-200
685,ClaudeBot,2980,-20
686,GPTBot,3220,220
686,GeminiBot,2800,-200
686,ClaudeBot,2980,-20
687,GPTBot,2940,-60
687,GeminiBot,1200,-1800
687,ClaudeBot,4860,1860
688,GPTBot,3300,300
688,GeminiBot,2850,-150
688,ClaudeBot,2850,-150
689,GPTBot,1860,-1140
689,GeminiBot,2990,-10
689,ClaudeBot,4150,1150
690,GPTBot,3030,30
690,GeminiBot,2990,-10
690,ClaudeBot,2980,-20
691,GPTBot,3260,260
691,GeminiBot,2760,-240
691,ClaudeBot,2980,-20
692,GPTBot,3220,220
692,GeminiBot,2800,-200
692,ClaudeBot,2980,-20
693,GPTBot,3070,70
693,GeminiBot,2990,-10
693,ClaudeBot,2940,-60
694,GPTBot,3210,210
694,GeminiBot,2990,-10
694,ClaudeBot,2800,-200
695,GPTBot,3480,480
695,GeminiBot,2760,-240
695,ClaudeBot,2760,-240
696,GPTBot,4220,1220
696,GeminiBot,1800,-1200
696,ClaudeBot,2980,-20
697,GPTBot,3840,840
697,GeminiBot,2760,-240
697,ClaudeBot,2400,-600
698,GPTBot,2940,-60
698,GeminiBot,2800,-200
698,ClaudeBot,3260,260
699,GPTBot,3170,170
699,GeminiBot,2990,-10
699,ClaudeBot,2840,-160
700,GPTBot,3800,800
700,GeminiBot,2800,-200
700,ClaudeBot,2400,-600
701,GPTBot,3030,30
701,GeminiBot,2990,-10
701,ClaudeBot,2980,-20
702,GPTBot,3030,30
702,GeminiBot,2990,-10
702,ClaudeBot,2980,-20
703,GPTBot,3200,200
703,GeminiBot,2820,-180
703,ClaudeBot,2980,-20
704,GPTBot,2940,-60
704,GeminiBot,2400,-600
704,ClaudeBot,3660,660
705,GPTBot,3220,220
705,GeminiBot,2800,-200
705,ClaudeBot,2980,-20
706,GPTBot,3750,750
706,GeminiBot,2800,-200
706,ClaudeBot,2450,-550
707,GPTBot,3030,30
707,GeminiBot,2990,-10
707,ClaudeBot,2980,-20
708,GPTBot,3060,60
708,GeminiBot,2990,-10
708,ClaudeBot,2950,-50
709,GPTBot,3030,30
709,GeminiBot,2990,-10
709,ClaudeBot,2980,-20
710,GPTBot,3070,70
710,GeminiBot,2990,-10
710,ClaudeBot,2940,-60
711,GPTBot,3400,400
711,GeminiBot,2800,-200
711,ClaudeBot,2800,-200
712,GPTBot,3070,70
712,GeminiBot,2990,-10
712,ClaudeBot,2940,-60
713,GPTBot,3030,30
713,GeminiBot,2990,-10
713,ClaudeBot,2980,-20
714,GPTBot,3610,610
714,GeminiBot,2990,-10
714,ClaudeBot,2400,-600
715,GPTBot,3210,210
715,GeminiBot,2990,-10
715,ClaudeBot,2800,-200
716,GPTBot,3030,30
716,GeminiBot,2990,-10
716,ClaudeBot,2980,-20
717,GPTBot,3210,210
717,GeminiBot,2990,-10
717,ClaudeBot,2800,-200
718,GPTBot,3030,30
718,GeminiBot,2990,-10
718,ClaudeBot,2980,-20
719,GPTBot,3220,220
719,GeminiBot,2800,-200
719,ClaudeBot,2980,-20
720,GPTBot,3160,160
720,GeminiBot,2990,-10
720,ClaudeBot,2850,-150
721,GPTBot,3220,220
721,GeminiBot,2800,-200
721,ClaudeBot,2980,-20
722,GPTBot,3920,920
722,GeminiBot,2100,-900
722,ClaudeBot,2980,-20
723,GPTBot,3220,220
723,GeminiBot,2800,-200
723,ClaudeBot,2980,-20
724,GPTBot,3270,270
724,GeminiBot,2750,-250
724,ClaudeBot,2980,-20
725,GPTBot,3030,30
725,GeminiBot,2990,-10
725,ClaudeBot,2980,-20
726,GPTBot,3400,400
726,GeminiBot,2990,-10
726,ClaudeBot,2610,-390
727,GPTBot,3220,220
727,GeminiBot,2800,-200
727,ClaudeBot,2980,-20
728,GPTBot,3220,220
728,GeminiBot,2800,-200
728,ClaudeBot,2980,-20
729,GPTBot,3150,150
729,GeminiBot,2990,-10
729,ClaudeBot,2860,-140
730,GPTBot,3030,30
730,GeminiBot,2990,-10
730,ClaudeBot,2980,-20
731,GPTBot,3220,220
731,GeminiBot,2800,-200
731,ClaudeBot,2980,-20
732,GPTBot,3150,150
732,GeminiBot,2990,-10
732,ClaudeBot,2860,-140
733,GPTBot,3355,355
733,GeminiBot,2990,-10
733,ClaudeBot,2655,-345
734,GPTBot,3150,150
734,GeminiBot,2990,-10
734,ClaudeBot,2860,-140
735,GPTBot,3300,300
735,GeminiBot,2850,-150
735,ClaudeBot,2850,-150
736,GPTBot,3220,220
736,GeminiBot,2800,-200
736,ClaudeBot,2980,-20
737,GPTBot,3030,30
737,GeminiBot,2990,-10
737,ClaudeBot,2980,-20
738,GPTBot,2780,-220
738,GeminiBot,2990,-10
738,ClaudeBot,3230,230
739,GPTBot,3790,790
739,GeminiBot,2990,-10
739,ClaudeBot,2220,-780
740,GPTBot,3190,190
740,GeminiBot,2990,-10
740,ClaudeBot,2820,-180
741,GPTBot,3210,210
741,GeminiBot,2990,-10
741,ClaudeBot,2800,-200
742,GPTBot,2700,-300
742,GeminiBot,3480,480
742,ClaudeBot,2820,-180
743,GPTBot,3150,150
743,GeminiBot,2990,-10
743,ClaudeBot,2860,-140
744,GPTBot,3070,70
744,GeminiBot,2990,-10
744,ClaudeBot,2940,-60
745,GPTBot,3280,280
745,GeminiBot,2740,-260
745,ClaudeBot,2980,-20
746,GPTBot,3110,110
746,GeminiBot,2990,-10
746,ClaudeBot,2900,-100
747,GPTBot,4220,1220
747,GeminiBot,1800,-1200
747,ClaudeBot,2980,-20
748,GPTBot,3170,170
748,GeminiBot,2850,-150
748,ClaudeBot,2980,-20
749,GPTBot,3400,400
749,GeminiBot,2800,-200
749,ClaudeBot,2800,-200
750,GPTBot,3910,910
750,GeminiBot,2990,-10
750,ClaudeBot,2100,-900
751,GPTBot,3910,910
751,GeminiBot,2990,-10
751,ClaudeBot,2100,-900
752,GPTBot,3400,400
752,GeminiBot,2800,-200
752,ClaudeBot,2800,-200
753,GPTBot,3400,400
753,GeminiBot,2800,-200
753,ClaudeBot,2800,-200
754,GPTBot,4060,1060
754,GeminiBot,2940,-60
754,ClaudeBot,2000,-1000
755,GPTBot,3060,60
755,GeminiBot,2990,-10
755,ClaudeBot,2950,-50
756,GPTBot,3510,510
756,GeminiBot,2990,-10
756,ClaudeBot,2500,-500
757,GPTBot,3600,600
757,GeminiBot,2700,-300
757,ClaudeBot,2700,-300
758,GPTBot,3030,30
758,GeminiBot,2990,-10
758,ClaudeBot,2980,-20
759,GPTBot,3030,30
759,GeminiBot,2990,-10
759,ClaudeBot,2980,-20
760,GPTBot,3310,310
760,GeminiBot,2990,-10
760,ClaudeBot,2700,-300
761,GPTBot,3920,920
761,GeminiBot,2100,-900
761,ClaudeBot,2980,-20
762,GPTBot,3260,260
762,GeminiBot,2940,-60
762,ClaudeBot,2800,-200
763,GPTBot,2690,-310
763,GeminiBot,2990,-10
763,ClaudeBot,3320,320
764,GPTBot,3220,220
764,GeminiBot,2800,-200
764,ClaudeBot,2980,-20
765,GPTBot,3150,150
765,GeminiBot,2990,-10
765,ClaudeBot,2860,-140
766,GPTBot,3220,220
766,GeminiBot,2800,-200
766,ClaudeBot,2980,-20
767,GPTBot,3670,670
767,GeminiBot,2990,-10
767,ClaudeBot,2340,-660
768,GPTBot,3170,170
768,GeminiBot,2850,-150
768,ClaudeBot,2980,-20
769,GPTBot,3720,720
769,GeminiBot,2300,-700
769,ClaudeBot,2980,-20
770,GPTBot,3200,200
770,GeminiBot,2820,-180
770,ClaudeBot,2980,-20
771,GPTBot,3170,170
771,GeminiBot,2990,-10
771,ClaudeBot,2840,-160
772,GPTBot,3600,600
772,GeminiBot,2850,-150
772,ClaudeBot,2550,-450
773,GPTBot,3030,30
773,GeminiBot,2990,-10
773,ClaudeBot,2980,-20
774,GPTBot,3910,910
774,GeminiBot,2990,-10
774,ClaudeBot,2100,-900
775,GPTBot,3220,220
775,GeminiBot,2800,-200
775,ClaudeBot,2980,-20
776,GPTBot,3030,30
776,GeminiBot,2990,-10
776,ClaudeBot,2980,-20
777,GPTBot,3610,610
777,GeminiBot,2990,-10
777,ClaudeBot,2400,-600
778,GPTBot,3200,200
778,GeminiBot,2990,-10
778,ClaudeBot,2810,-190
779,GPTBot,3170,170
779,GeminiBot,2990,-10
779,ClaudeBot,2840,-160
780,GPTBot,3220,220
780,GeminiBot,2800,-200
780,ClaudeBot,2980,-20
781,GPTBot,3030,30
781,GeminiBot,2990,-10
781,ClaudeBot,2980,-20
782,GPTBot,3070,70
782,GeminiBot,2990,-10
782,ClaudeBot,2940,-60
783,GPTBot,3030,30
783,GeminiBot,2990,-10
783,ClaudeBot,2980,-20
784,GPTBot,3030,30
784,GeminiBot,2990,-10
784,ClaudeBot,2980,-20
785,GPTBot,3070,70
785,GeminiBot,2990,-10
785,ClaudeBot,2940,-60
786,GPTBot,3030,30
786,GeminiBot,2990,-10
786,ClaudeBot,2980,-20
787,GPTBot,3170,170
787,GeminiBot,2850,-150
787,ClaudeBot,2980,-20
788,GPTBot,3150,150
788,GeminiBot,2990,-10
788,ClaudeBot,2860,-140
789,GPTBot,3400,400
789,GeminiBot,2800,-200
789,ClaudeBot,2800,-200
790,GPTBot,3310,310
790,GeminiBot,2990,-10
790,ClaudeBot,2700,-300
791,GPTBot,3030,30
791,GeminiBot,2990,-10
791,ClaudeBot,2980,-20
792,GPTBot,3030,30
792,GeminiBot,2990,-10
792,ClaudeBot,2980,-20
793,GPTBot,3400,400
793,GeminiBot,2800,-200
793,ClaudeBot,2800,-200
794,GPTBot,2940,-60
794,GeminiBot,2800,-200
794,ClaudeBot,3260,260
795,GPTBot,3220,220
795,GeminiBot,2800,-200
795,ClaudeBot,2980,-20
796,GPTBot,3030,30
796,GeminiBot,2990,-10
796,ClaudeBot,2980,-20
797,GPTBot,3610,610
797,GeminiBot,2990,-10
797,ClaudeBot,2400,-600
798,GPTBot,3610,610
798,GeminiBot,2990,-10
798,ClaudeBot,2400,-600
799,GPTBot,3210,210
799,GeminiBot,2990,-10
799,ClaudeBot,2800,-200
800,GPTBot,6010,3010
800,GeminiBot,2990,-10
800,ClaudeBot,0,-3000
801,GPTBot,3400,400
801,GeminiBot,2800,-200
801,ClaudeBot,2800,-200
802,GPTBot,3210,210
802,GeminiBot,2990,-10
802,ClaudeBot,2800,-200
803,GPTBot,3220,220
803,GeminiBot,2800,-200
803,ClaudeBot,2980,-20
804,GPTBot,3070,70
804,GeminiBot,2990,-10
804,ClaudeBot,2940,-60
805,GPTBot,3760,760
805,GeminiBot,2990,-10
805,ClaudeBot,2250,-750
806,GPTBot,3220,220
806,GeminiBot,2800,-200
806,ClaudeBot,2980,-20
807,GPTBot,4320,1320
807,GeminiBot,1700,-1300
807,ClaudeBot,2980,-20
808,GPTBot,3270,270
808,GeminiBot,2750,-250
808,ClaudeBot,2980,-20
809,GPTBot,3220,220
809,GeminiBot,2800,-200
809,ClaudeBot,2980,-20
810,GPTBot,3220,220
810,GeminiBot,2800,-200
810,ClaudeBot,2980,-20
811,GPTBot,2580,-420
811,GeminiBot,2580,-420
811,ClaudeBot,3840,840
812,GPTBot,3220,220
812,GeminiBot,2800,-200
812,ClaudeBot,2980,-20
813,GPTBot,3030,30
813,GeminiBot,2990,-10
813,ClaudeBot,2980,-20
814,GPTBot,3610,610
814,GeminiBot,2990,-10
814,ClaudeBot,2400,-600
815,GPTBot,3030,30
815,GeminiBot,2990,-10
815,ClaudeBot,2980,-20
816,GPTBot,3600,600
816,GeminiBot,2850,-150
816,ClaudeBot,2550,-450
817,GPTBot,3070,70
817,GeminiBot,2990,-10
817,ClaudeBot,2940,-60
818,GPTBot,3530,530
818,GeminiBot,2990,-10
818,ClaudeBot,2480,-520
819,GPTBot,3910,910
819,GeminiBot,2990,-10
819,ClaudeBot,2100,-900
820,GPTBot,3610,610
820,GeminiBot,2990,-10
820,ClaudeBot,2400,-600
821,GPTBot,3610,610
821,GeminiBot,2990,-10
821,ClaudeBot,2400,-600
822,GPTBot,3150,150
822,GeminiBot,2990,-10
822,ClaudeBot,2860,-140
823,GPTBot,3030,30
823,GeminiBot,2990,-10
823,ClaudeBot,2980,-20
824,GPTBot,3200,200
824,GeminiBot,2820,-180
824,ClaudeBot,2980,-20
825,GPTBot,1720,-1280
825,GeminiBot,2990,-10
825,ClaudeBot,4290,1290
826,GPTBot,3910,910
826,GeminiBot,2990,-10
826,ClaudeBot,2100,-900
827,GPTBot,2940,-60
827,GeminiBot,2800,-200
827,ClaudeBot,3260,260
828,GPTBot,3210,210
828,GeminiBot,2990,-10
828,ClaudeBot,2800,-200
829,GPTBot,3610,610
829,GeminiBot,2990,-10
829,ClaudeBot,2400,-600
830,GPTBot,3150,150
830,GeminiBot,2990,-10
830,ClaudeBot,2860,-140
831,GPTBot,3530,530
831,GeminiBot,2990,-10
831,ClaudeBot,2480,-520
832,GPTBot,0,-3000
832,GeminiBot,2820,-180
832,ClaudeBot,6180,3180
833,GPTBot,3270,270
833,GeminiBot,2750,-250
833,ClaudeBot,2980,-20
834,GPTBot,3070,70
834,GeminiBot,2990,-10
834,ClaudeBot,2940,-60
835,GPTBot,3030,30
835,GeminiBot,2990,-10
835,ClaudeBot,2980,-20
836,GPTBot,3070,70
836,GeminiBot,2990,-10
836,ClaudeBot,2940,-60
837,GPTBot,3030,30
837,GeminiBot,2990,-10
837,ClaudeBot,2980,-20
838,GPTBot,3760,760
838,GeminiBot,2990,-10
838,ClaudeBot,2250,-750
839,GPTBot,2940,-60
839,GeminiBot,2800,-200
839,ClaudeBot,3260,260
840,GPTBot,3030,30
840,GeminiBot,2990,-10
840,ClaudeBot,2980,-20
841,GPTBot,3840,840
841,GeminiBot,2760,-240
841,ClaudeBot,2400,-600
842,GPTBot,4240,1240
842,GeminiBot,1780,-1220
842,ClaudeBot,2980,-20
843,GPTBot,0,-3000
843,GeminiBot,2990,-10
843,ClaudeBot,6010,3010
844,GPTBot,3270,270
844,GeminiBot,2750,-250
844,ClaudeBot,2980,-20
845,GPTBot,3400,400
845,GeminiBot,2800,-200
845,ClaudeBot,2800,-200
846,GPTBot,1860,-1140
846,GeminiBot,2990,-10
846,ClaudeBot,4150,1150
847,GPTBot,3310,310
847,GeminiBot,2990,-10
847,ClaudeBot,2700,-300
848,GPTBot,3160,160
848,GeminiBot,2990,-10
848,ClaudeBot,2850,-150
849,GPTBot,3400,400
849,GeminiBot,2940,-60
849,ClaudeBot,2660,-340
850,GPTBot,2940,-60
850,GeminiBot,2800,-200
850,ClaudeBot,3260,260
851,GPTBot,3610,610
851,GeminiBot,2990,-10
851,ClaudeBot,2400,-600
852,GPTBot,3150,150
852,GeminiBot,2990,-10
852,ClaudeBot,2860,-140
853,GPTBot,3030,30
853,GeminiBot,2990,-10
853,ClaudeBot,2980,-20
854,GPTBot,3070,70
854,GeminiBot,2990,-10
854,ClaudeBot,2940,-60
855,GPTBot,2700,-300
855,GeminiBot,2990,-10
855,ClaudeBot,3310,310
856,GPTBot,3220,220
856,GeminiBot,2800,-200
856,ClaudeBot,2980,-20
857,GPTBot,3310,310
857,GeminiBot,2990,-10
857,ClaudeBot,2700,-300
858,GPTBot,3480,480
858,GeminiBot,2760,-240
858,ClaudeBot,2760,-240
859,GPTBot,3610,610
859,GeminiBot,2990,-10
859,ClaudeBot,2400,-600
860,GPTBot,3220,220
860,GeminiBot,2800,-200
860,ClaudeBot,2980,-20
861,GPTBot,3400,400
861,GeminiBot,2800,-200
861,ClaudeBot,2800,-200
862,GPTBot,3220,220
862,GeminiBot,2800,-200
862,ClaudeBot,2980,-20
863,GPTBot,3030,30
863,GeminiBot,2990,-10
863,ClaudeBot,2980,-20
864,GPTBot,3400,400
864,GeminiBot,2800,-200
864,ClaudeBot,2800,-200
865,GPTBot,3030,30
865,GeminiBot,2990,-10
865,ClaudeBot,2980,-20
866,GPTBot,3170,170
866,GeminiBot,2990,-10
866,ClaudeBot,2840,-160
867,GPTBot,3030,30
867,GeminiBot,2990,-10
867,ClaudeBot,2980,-20
868,GPTBot,3030,30
868,GeminiBot,2990,-10
868,ClaudeBot,2980,-20
869,GPTBot,3150,150
869,GeminiBot,2990,-10
869,ClaudeBot,2860,-140
870,GPTBot,3210,210
870,GeminiBot,2990,-10
870,ClaudeBot,2800,-200
871,GPTBot,3610,610
871,GeminiBot,2990,-10
871,ClaudeBot,2400,-600
872,GPTBot,0,-3000
872,GeminiBot,2990,-10
872,ClaudeBot,6010,3010
873,GPTBot,3030,30
873,GeminiBot,2990,-10
873,ClaudeBot,2980,-20
874,GPTBot,3170,170
874,GeminiBot,2850,-150
874,ClaudeBot,2980,-20
875,GPTBot,3170,170
875,GeminiBot,2850,-150
875,ClaudeBot,2980,-20
876,GPTBot,3030,30
876,GeminiBot,2990,-10
876,ClaudeBot,2980,-20
877,GPTBot,3400,400
877,GeminiBot,2800,-200
877,ClaudeBot,2800,-200
878,GPTBot,3030,30
878,GeminiBot,2990,-10
878,ClaudeBot,2980,-20
879,GPTBot,3170,170
879,GeminiBot,2990,-10
879,ClaudeBot,2840,-160
880,GPTBot,2940,-60
880,GeminiBot,1500,-1500
880,ClaudeBot,4560,1560
881,GPTBot,3170,170
881,GeminiBot,2990,-10
881,ClaudeBot,2840,-160
882,GPTBot,3400,400
882,GeminiBot,2800,-200
882,ClaudeBot,2800,-200
883,GPTBot,3150,150
883,GeminiBot,2990,-10
883,ClaudeBot,2860,-140
884,GPTBot,3150,150
884,GeminiBot,2990,-10
884,ClaudeBot,2860,-140
885,GPTBot,3220,220
885,GeminiBot,2800,-200
885,ClaudeBot,2980,-20
886,GPTBot,3030,30
886,GeminiBot,2990,-10
886,ClaudeBot,2980,-20
887,GPTBot,2950,-50
887,GeminiBot,3070,70
887,ClaudeBot,2980,-20
888,GPTBot,3030,30
888,GeminiBot,2990,-10
888,ClaudeBot,2980,-20
889,GPTBot,3610,610
889,GeminiBot,2990,-10
889,ClaudeBot,2400,-600
890,GPTBot,3150,150
890,GeminiBot,2990,-10
890,ClaudeBot,2860,-140
891,GPTBot,3610,610
891,GeminiBot,2990,-10
891,ClaudeBot,2400,-600
892,GPTBot,2800,-200
892,GeminiBot,2990,-10
892,ClaudeBot,3210,210
893,GPTBot,2700,-300
893,GeminiBot,3320,320
893,ClaudeBot,2980,-20
894,GPTBot,3210,210
894,GeminiBot,2990,-10
894,ClaudeBot,2800,-200
895,GPTBot,3030,30
895,GeminiBot,2990,-10
895,ClaudeBot,2980,-20
896,GPTBot,3220,220
896,GeminiBot,2800,-200
896,ClaudeBot,2980,-20
897,GPTBot,3760,760
897,GeminiBot,2990,-10
897,ClaudeBot,2250,-750
898,GPTBot,3150,150
898,GeminiBot,2990,-10
898,ClaudeBot,2860,-140
899,GPTBot,3780,780
899,GeminiBot,2940,-60
899,ClaudeBot,2280,-720
900,GPTBot,2950,-50
900,GeminiBot,1000,-2000
900,ClaudeBot,5050,2050
901,GPTBot,4220,1220
901,GeminiBot,1800,-1200
901,ClaudeBot,2980,-20
902,GPTBot,2810,-190
902,GeminiBot,2990,-10
902,ClaudeBot,3200,200
903,GPTBot,3170,170
903,GeminiBot,2990,-10
903,ClaudeBot,2840,-160
904,GPTBot,3610,610
904,GeminiBot,2990,-10
904,ClaudeBot,2400,-600
905,GPTBot,3160,160
905,GeminiBot,2990,-10
905,ClaudeBot,2850,-150
906,GPTBot,3170,170
906,GeminiBot,2990,-10
906,ClaudeBot,2840,-160
907,GPTBot,3070,70
907,GeminiBot,2990,-10
907,ClaudeBot,2940,-60
908,GPTBot,3030,30
908,GeminiBot,2990,-10
908,ClaudeBot,2980,-20
909,GPTBot,3170,170
909,GeminiBot,2850,-150
909,ClaudeBot,2980,-20
910,GPTBot,3585,585
910,GeminiBot,2990,-10
910,ClaudeBot,2425,-575
911,GPTBot,3400,400
911,GeminiBot,2990,-10
911,ClaudeBot,2610,-390
912,GPTBot,3790,790
912,GeminiBot,2990,-10
912,ClaudeBot,2220,-780
913,GPTBot,3260,260
913,GeminiBot,2800,-200
913,ClaudeBot,2940,-60
914,GPTBot,3110,110
914,GeminiBot,2990,-10
914,ClaudeBot,2900,-100
915,GPTBot,3030,30
915,GeminiBot,2990,-10
915,ClaudeBot,2980,-20
916,GPTBot,3030,30
916,GeminiBot,2990,-10
916,ClaudeBot,2980,-20
917,GPTBot,3220,220
917,GeminiBot,2800,-200
917,ClaudeBot,2980,-20
918,GPTBot,3030,30
918,GeminiBot,2990,-10
918,ClaudeBot,2980,-20
919,GPTBot,3800,800
919,GeminiBot,2800,-200
919,ClaudeBot,2400,-600
920,GPTBot,3220,220
920,GeminiBot,2800,-200
920,ClaudeBot,2980,-20
921,GPTBot,3335,335
921,GeminiBot,2990,-10
921,ClaudeBot,2675,-325
922,GPTBot,3260,260
922,GeminiBot,2760,-240
922,ClaudeBot,2980,-20
923,GPTBot,3030,30
923,GeminiBot,2990,-10
923,ClaudeBot,2980,-20
924,GPTBot,3030,30
924,GeminiBot,2990,-10
924,ClaudeBot,2980,-20
925,GPTBot,3220,220
925,GeminiBot,2800,-200
925,ClaudeBot,2980,-20
926,GPTBot,3660,660
926,GeminiBot,2990,-10
926,ClaudeBot,2350,-650
927,GPTBot,3170,170
927,GeminiBot,2990,-10
927,ClaudeBot,2840,-160
928,GPTBot,3030,30
928,GeminiBot,2990,-10
928,ClaudeBot,2980,-20
929,GPTBot,6010,3010
929,GeminiBot,2990,-10
929,ClaudeBot,0,-3000
930,GPTBot,3220,220
930,GeminiBot,2800,-200
930,ClaudeBot,2980,-20
931,GPTBot,3170,170
931,GeminiBot,2990,-10
931,ClaudeBot,2840,-160
932,GPTBot,0,-3000
932,GeminiBot,2990,-10
932,ClaudeBot,6010,3010
933,GPTBot,3260,260
933,GeminiBot,2760,-240
933,ClaudeBot,2980,-20
934,GPTBot,3220,220
934,GeminiBot,2800,-200
934,ClaudeBot,2980,-20
935,GPTBot,3400,400
935,GeminiBot,2800,-200
935,ClaudeBot,2800,-200
936,GPTBot,3270,270
936,GeminiBot,2750,-250
936,ClaudeBot,2980,-20
937,GPTBot,3975,975
937,GeminiBot,2725,-275
937,ClaudeBot,2300,-700
938,GPTBot,3170,170
938,GeminiBot,2990,-10
938,ClaudeBot,2840,-160
939,GPTBot,3400,400
939,GeminiBot,2800,-200
939,ClaudeBot,2800,-200
940,GPTBot,3030,30
940,GeminiBot,2990,-10
940,ClaudeBot,2980,-20
941,GPTBot,3130,130
941,GeminiBot,2990,-10
941,ClaudeBot,2880,-120
942,GPTBot,2940,-60
942,GeminiBot,6060,3060
942,ClaudeBot,0,-3000
943,GPTBot,3300,300
943,GeminiBot,2850,-150
943,ClaudeBot,2850,-150
944,GPTBot,6010,3010
944,GeminiBot,2990,-10
944,ClaudeBot,0,-3000
945,GPTBot,3150,150
945,GeminiBot,2990,-10
945,ClaudeBot,2860,-140
946,GPTBot,6010,3010
946,GeminiBot,2990,-10
946,ClaudeBot,0,-3000
947,GPTBot,3210,210
947,GeminiBot,2990,-10
947,ClaudeBot,2800,-200
948,GPTBot,3400,400
948,GeminiBot,2800,-200
948,ClaudeBot,2800,-200
949,GPTBot,3400,400
949,GeminiBot,2800,-200
949,ClaudeBot,2800,-200
950,GPTBot,3320,320
950,GeminiBot,2740,-260
950,ClaudeBot,2940,-60
951,GPTBot,3300,300
951,GeminiBot,2850,-150
951,ClaudeBot,2850,-150
952,GPTBot,3150,150
952,GeminiBot,2990,-10
952,ClaudeBot,2860,-140
953,GPTBot,3260,260
953,GeminiBot,2800,-200
953,ClaudeBot,2940,-60
954,GPTBot,3210,210
954,GeminiBot,2990,-10
954,ClaudeBot,2800,-200
955,GPTBot,3390,390
955,GeminiBot,2990,-10
955,ClaudeBot,2620,-380
956,GPTBot,3190,190
956,GeminiBot,2990,-10
956,ClaudeBot,2820,-180
957,GPTBot,3210,210
957,GeminiBot,2990,-10
957,ClaudeBot,2800,-200
958,GPTBot,3210,210
958,GeminiBot,2990,-10
958,ClaudeBot,2800,-200
959,GPTBot,2700,-300
959,GeminiBot,2990,-10
959,ClaudeBot,3310,310
960,GPTBot,3320,320
960,GeminiBot,2700,-300
960,ClaudeBot,2980,-20
961,GPTBot,3220,220
961,GeminiBot,2800,-200
961,ClaudeBot,2980,-20
962,GPTBot,3220,220
962,GeminiBot,2800,-200
962,ClaudeBot,2980,-20
963,GPTBot,3450,450
963,GeminiBot,2990,-10
963,ClaudeBot,2560,-440
964,GPTBot,3220,220
964,GeminiBot,2800,-200
964,ClaudeBot,2980,-20
965,GPTBot,3220,220
965,GeminiBot,2800,-200
965,ClaudeBot,2980,-20
966,GPTBot,1000,-2000
966,GeminiBot,5020,2020
966,ClaudeBot,2980,-20
967,GPTBot,3210,210
967,GeminiBot,2990,-10
967,ClaudeBot,2800,-200
968,GPTBot,3070,70
968,GeminiBot,2990,-10
968,ClaudeBot,2940,-60
969,GPTBot,3610,610
969,GeminiBot,2990,-10
969,ClaudeBot,2400,-600
970,GPTBot,3170,170
970,GeminiBot,2990,-10
970,ClaudeBot,2840,-160
971,GPTBot,3210,210
971,GeminiBot,2990,-10
971,ClaudeBot,2800,-200
972,GPTBot,3060,60
972,GeminiBot,2990,-10
972,ClaudeBot,2950,-50
973,GPTBot,3030,30
973,GeminiBot,2990,-10
973,ClaudeBot,2980,-20
974,GPTBot,3610,610
974,GeminiBot,2990,-10
974,ClaudeBot,2400,-600
975,GPTBot,3610,610
975,GeminiBot,2990,-10
975,ClaudeBot,2400,-600
976,GPTBot,3030,30
976,GeminiBot,2990,-10
976,ClaudeBot,2980,-20
977,GPTBot,3220,220
977,GeminiBot,2800,-200
977,ClaudeBot,2980,-20
978,GPTBot,3150,150
978,GeminiBot,2990,-10
978,ClaudeBot,2860,-140
979,GPTBot,3670,670
979,GeminiBot,2990,-10
979,ClaudeBot,2340,-660
980,GPTBot,3210,210
980,GeminiBot,2990,-10
980,ClaudeBot,2800,-200
981,GPTBot,3170,170
981,GeminiBot,2990,-10
981,ClaudeBot,2840,-160
982,GPTBot,3480,480
982,GeminiBot,2760,-240
982,ClaudeBot,2760,-240
983,GPTBot,3150,150
983,GeminiBot,2990,-10
983,ClaudeBot,2860,-140
984,GPTBot,3030,30
984,GeminiBot,2990,-10
984,ClaudeBot,2980,-20
985,GPTBot,3150,150
985,GeminiBot,2990,-10
985,ClaudeBot,2860,-140
986,GPTBot,3400,400
986,GeminiBot,2800,-200
986,ClaudeBot,2800,-200
987,GPTBot,3220,220
987,GeminiBot,2800,-200
987,ClaudeBot,2980,-20
988,GPTBot,3150,150
988,GeminiBot,2990,-10
988,ClaudeBot,2860,-140
989,GPTBot,0,-3000
989,GeminiBot,2990,-10
989,ClaudeBot,6010,3010
990,GPTBot,3030,30
990,GeminiBot,2990,-10
990,ClaudeBot,2980,-20
991,GPTBot,3030,30
991,GeminiBot,2990,-10
991,ClaudeBot,2980,-20
992,GPTBot,1600,-1400
992,GeminiBot,2990,-10
992,ClaudeBot,4410,1410
993,GPTBot,6010,3010
993,GeminiBot,2990,-10
993,ClaudeBot,0,-3000
994,GPTBot,3170,170
994,GeminiBot,2850,-150
994,ClaudeBot,2980,-20
995,GPTBot,2690,-310
995,GeminiBot,2990,-10
995,ClaudeBot,3320,320
996,GPTBot,3560,560
996,GeminiBot,2990,-10
996,ClaudeBot,2450,-550
997,GPTBot,3030,30
997,GeminiBot,2990,-10
997,ClaudeBot,2980,-20
998,GPTBot,3220,220
998,GeminiBot,2800,-200
998,ClaudeBot,2980,-20
999,GPTBot,1720,-1280
999,GeminiBot,2990,-10
999,ClaudeBot,4290,1290
1000,GPTBot,3220,220
1000,GeminiBot,2800,-200
1000,ClaudeBot,2980,-20
